tag,v_cabeca,v_bola,smash,lancamento,spin,carry,apogeu,t_voo,descida,land_y
taco7,,45.0,,18.0,7000,132.5,21.71,5.49,42.62,0.0
com_ar,33.77,35.42,1.049,32.61,3006.0,126.35,28.98,5.343,49.43,-2.1
sem_ar,37.24,45.58,1.224,31.65,3121.0,189.19,29.18,4.876,31.65,-0.54
sem_ar2,33.77,35.42,1.049,32.61,3006.0,126.35,28.98,5.343,49.43,-2.1
com_ar_01,34.26,42.37,1.237,30.92,2814.0,120.09,26.67,5.117,48.15,-1.01
com_ar_02,35.19,42.39,1.205,37.27,3018.0,120.29,35.02,5.78,55.39,6.24
com_ar_03,34.5,43.29,1.255,29.75,2782.0,123.02,26.15,5.081,47.11,-2.55
com_ar_04,33.12,39.85,1.203,33.21,3230.0,131.31,31.98,5.609,51.36,-2.35
com_ar_05,33.06,40.58,1.227,32.55,3184.0,132.84,31.47,5.572,50.69,-3.54
com_ar_06,34.79,42.4,1.219,29.75,2723.0,119.86,25.12,4.978,46.53,-1.94
com_ar_07,33.04,25.36,0.768,-17.31,7939.0,0.35,0.02,0.0,16.1,0.0
com_ar_08,33.54,38.29,1.142,32.3,3093.0,130.61,30.11,5.453,49.82,-3.29
com_ar_09,33.23,38.84,1.169,32.67,3134.0,130.38,30.67,5.499,50.35,-2.94
com_ar_10,32.43,41.93,1.293,34.25,3390.0,131.8,34.19,5.786,53.09,-1.25
