seed,hit,v_head,v_ball,launch,side,carry,land_y,apogeu,spin_rpm,q_torso,q_shoulder,q_wrist
-1,1,31.184,38.186,26.349,-0.498,98.208,-0.078,20.071,4826.322,0.309,0.34,0.279
0,1,31.156,38.175,26.072,-0.599,98.108,0.083,19.761,4813.043,0.635,0.316,-0.237
1,1,31.17,38.299,26.966,-0.298,98.637,-0.469,20.828,4847.265,-0.401,0.335,1.376
2,1,31.16,38.022,26.479,-0.442,97.748,-0.187,20.068,4837.311,0.107,0.339,0.589
3,1,31.125,38.098,26.221,-0.547,97.894,-0.025,19.841,4816.574,0.445,0.317,0.057
4,1,31.226,38.518,26.202,-0.565,99.198,0.067,20.223,4818.931,0.565,0.358,-0.103
5,1,31.198,38.313,26.318,-0.52,98.589,-0.054,20.154,4823.665,0.368,0.309,0.175
6,1,31.176,38.425,26.747,-0.379,98.992,-0.31,20.711,4836.928,-0.1,0.363,0.927
7,1,31.245,38.478,26.548,-0.444,99.151,-0.171,20.568,4836.679,0.123,0.315,0.56
8,1,31.203,38.368,26.473,-0.468,98.788,-0.141,20.372,4829.913,0.197,0.319,0.445
9,1,31.193,38.59,26.489,-0.482,99.435,-0.128,20.574,4820.426,0.245,0.329,0.381
10,1,31.209,38.342,26.466,-0.465,98.713,-0.131,20.345,4831.329,0.208,0.36,0.448
11,1,31.187,38.348,26.831,-0.341,98.777,-0.364,20.735,4843.588,-0.219,0.376,1.116
12,1,31.182,38.468,26.547,-0.45,99.094,-0.178,20.538,4829.009,0.147,0.354,0.543
13,1,31.134,38.275,26.163,-0.576,98.413,0.044,19.934,4809.904,0.573,0.358,-0.119
14,1,31.247,38.229,26.443,-0.462,98.387,-0.129,20.232,4838.062,0.178,0.299,0.461
15,1,31.218,38.444,26.159,-0.572,98.96,0.094,20.108,4817.632,0.608,0.392,-0.155
16,1,31.238,38.467,26.505,-0.46,99.107,-0.149,20.508,4834.061,0.171,0.305,0.481
17,1,31.146,38.374,26.217,-0.565,98.731,0.013,20.085,4812.161,0.522,0.329,-0.051
18,1,31.189,38.191,26.32,-0.508,98.223,-0.059,20.048,4826.152,0.342,0.337,0.227
19,1,31.147,38.334,26.379,-0.507,98.642,-0.096,20.222,4819.406,0.315,0.319,0.263
