t_s,x_m,y_m,z_m
0.0,0.0093,-0.0,0.0235
0.002,0.0658,-0.0001,0.061
0.004,0.1223,-0.0002,0.0985
0.006,0.1787,-0.0003,0.136
0.008,0.2348,-0.0004,0.1733
0.01,0.2912,-0.0005,0.2107
0.012,0.3476,-0.0006,0.248
0.014,0.4039,-0.0007,0.2854
0.016,0.4602,-0.0008,0.3227
0.018,0.5164,-0.0009,0.3599
0.02,0.5727,-0.0011,0.3972
0.022,0.6289,-0.0012,0.4343
0.024,0.685,-0.0013,0.4715
0.026,0.7412,-0.0014,0.5086
0.028,0.7973,-0.0015,0.5457
0.03,0.8534,-0.0016,0.5827
0.032,0.9094,-0.0017,0.6197
0.034,0.9654,-0.0018,0.6567
0.036,1.0214,-0.0019,0.6936
0.038,1.0774,-0.002,0.7305
0.04,1.1333,-0.0021,0.7674
0.042,1.1892,-0.0022,0.8042
0.044,1.2451,-0.0024,0.841
0.046,1.3009,-0.0025,0.8777
0.048,1.3567,-0.0026,0.9144
0.05,1.4125,-0.0027,0.9511
0.052,1.4683,-0.0028,0.9877
0.054,1.524,-0.0029,1.0243
0.056,1.5797,-0.003,1.0609
0.058,1.6353,-0.0031,1.0974
0.06,1.691,-0.0032,1.1339
0.062,1.7466,-0.0033,1.1704
0.064,1.8021,-0.0035,1.2068
0.066,1.8577,-0.0036,1.2432
0.068,1.9132,-0.0037,1.2795
0.07,1.9687,-0.0038,1.3158
0.072,2.0241,-0.0039,1.3521
0.074,2.0796,-0.004,1.3884
0.076,2.135,-0.0041,1.4246
0.078,2.1903,-0.0043,1.4607
0.08,2.2457,-0.0044,1.4968
0.082,2.301,-0.0045,1.5329
0.084,2.3563,-0.0046,1.569
0.086,2.4115,-0.0047,1.605
0.088,2.4667,-0.0048,1.641
0.09,2.5219,-0.0049,1.6769
0.092,2.5771,-0.0051,1.7128
0.094,2.6322,-0.0052,1.7487
0.096,2.6873,-0.0053,1.7846
0.098,2.7424,-0.0054,1.8204
0.1,2.7975,-0.0055,1.8561
0.102,2.8525,-0.0056,1.8919
0.104,2.9075,-0.0058,1.9275
0.106,2.9624,-0.0059,1.9632
0.108,3.0174,-0.006,1.9988
0.11,3.0723,-0.0061,2.0344
0.112,3.1271,-0.0062,2.07
0.114,3.182,-0.0064,2.1055
0.116,3.2368,-0.0065,2.1409
0.118,3.2916,-0.0066,2.1764
0.12,3.3464,-0.0067,2.2118
0.122,3.4011,-0.0068,2.2471
0.124,3.4558,-0.007,2.2825
0.126,3.5105,-0.0071,2.3178
0.128,3.5651,-0.0072,2.353
0.13,3.6197,-0.0073,2.3883
0.132,3.6743,-0.0074,2.4234
0.134,3.7289,-0.0076,2.4586
0.136,3.7834,-0.0077,2.4937
0.138,3.8379,-0.0078,2.5288
0.14,3.8924,-0.0079,2.5638
0.142,3.9468,-0.0081,2.5988
0.144,4.0013,-0.0082,2.6338
0.146,4.0557,-0.0083,2.6687
0.148,4.11,-0.0084,2.7036
0.15,4.1644,-0.0085,2.7385
0.152,4.2187,-0.0087,2.7733
0.154,4.273,-0.0088,2.8081
0.156,4.3272,-0.0089,2.8429
0.158,4.3814,-0.009,2.8776
0.16,4.4356,-0.0092,2.9123
0.162,4.4898,-0.0093,2.9469
0.164,4.5439,-0.0094,2.9815
0.166,4.598,-0.0096,3.0161
0.168,4.6521,-0.0097,3.0506
0.17,4.7062,-0.0098,3.0852
0.172,4.7602,-0.0099,3.1196
0.174,4.8142,-0.0101,3.1541
0.176,4.8682,-0.0102,3.1884
0.178,4.9221,-0.0103,3.2228
0.18,4.9761,-0.0104,3.2571
0.182,5.0299,-0.0106,3.2914
0.184,5.0838,-0.0107,3.3257
0.186,5.1376,-0.0108,3.3599
0.188,5.1915,-0.011,3.3941
0.19,5.2452,-0.0111,3.4282
0.192,5.299,-0.0112,3.4623
0.194,5.3527,-0.0113,3.4964
0.196,5.4064,-0.0115,3.5304
0.198,5.4601,-0.0116,3.5645
0.2,5.5137,-0.0117,3.5984
0.202,5.5673,-0.0119,3.6324
0.204,5.6209,-0.012,3.6662
0.206,5.6745,-0.0121,3.7001
0.208,5.728,-0.0123,3.7339
0.21,5.7815,-0.0124,3.7677
0.212,5.835,-0.0125,3.8015
0.214,5.8885,-0.0127,3.8352
0.216,5.9419,-0.0128,3.8689
0.218,5.9953,-0.0129,3.9025
0.22,6.0487,-0.0131,3.9361
0.222,6.102,-0.0132,3.9697
0.224,6.1553,-0.0133,4.0033
0.226,6.2086,-0.0135,4.0368
0.228,6.2619,-0.0136,4.0702
0.23,6.3151,-0.0137,4.1037
0.232,6.3684,-0.0139,4.1371
0.234,6.4215,-0.014,4.1704
0.236,6.4747,-0.0141,4.2038
0.238,6.5278,-0.0143,4.237
0.24,6.5809,-0.0144,4.2703
0.242,6.634,-0.0145,4.3035
0.244,6.6871,-0.0147,4.3367
0.246,6.7401,-0.0148,4.3699
0.248,6.7931,-0.0149,4.403
0.25,6.8461,-0.0151,4.4361
0.252,6.899,-0.0152,4.4691
0.254,6.9519,-0.0154,4.5021
0.256,7.0048,-0.0155,4.5351
0.258,7.0577,-0.0156,4.568
0.26,7.1105,-0.0158,4.6009
0.262,7.1633,-0.0159,4.6338
0.264,7.2161,-0.016,4.6666
0.266,7.2689,-0.0162,4.6994
0.268,7.3216,-0.0163,4.7322
0.27,7.3743,-0.0165,4.7649
0.272,7.427,-0.0166,4.7976
0.274,7.4797,-0.0167,4.8303
0.276,7.5323,-0.0169,4.8629
0.278,7.5849,-0.017,4.8955
0.28,7.6375,-0.0172,4.928
0.282,7.69,-0.0173,4.9605
0.284,7.7426,-0.0175,4.993
0.286,7.7951,-0.0176,5.0254
0.288,7.8475,-0.0177,5.0579
0.29,7.9,-0.0179,5.0902
0.292,7.9524,-0.018,5.1226
0.294,8.0048,-0.0182,5.1549
0.296,8.0572,-0.0183,5.1871
0.298,8.1095,-0.0184,5.2194
0.3,8.1619,-0.0186,5.2516
0.302,8.2141,-0.0187,5.2837
0.304,8.2664,-0.0189,5.3159
0.306,8.3187,-0.019,5.348
0.308,8.3709,-0.0192,5.38
0.31,8.4231,-0.0193,5.412
0.312,8.4752,-0.0195,5.444
0.314,8.5274,-0.0196,5.476
0.316,8.5795,-0.0197,5.5079
0.318,8.6316,-0.0199,5.5398
0.32,8.6836,-0.02,5.5716
0.322,8.7357,-0.0202,5.6034
0.324,8.7877,-0.0203,5.6352
0.326,8.8397,-0.0205,5.667
0.328,8.8916,-0.0206,5.6987
0.33,8.9436,-0.0208,5.7303
0.332,8.9955,-0.0209,5.762
0.334,9.0474,-0.0211,5.7936
0.336,9.0992,-0.0212,5.8251
0.338,9.1511,-0.0214,5.8567
0.34,9.2029,-0.0215,5.8882
0.342,9.2547,-0.0217,5.9196
0.344,9.3064,-0.0218,5.9511
0.346,9.3582,-0.022,5.9825
0.348,9.4099,-0.0221,6.0138
0.35,9.4615,-0.0223,6.0451
0.352,9.5132,-0.0224,6.0764
0.354,9.5648,-0.0226,6.1077
0.356,9.6165,-0.0227,6.1389
0.358,9.668,-0.0229,6.1701
0.36,9.7196,-0.023,6.2012
0.362,9.7711,-0.0232,6.2323
0.364,9.8226,-0.0233,6.2634
0.366,9.8741,-0.0235,6.2945
0.368,9.9256,-0.0236,6.3255
0.37,9.977,-0.0238,6.3565
0.372,10.0284,-0.0239,6.3874
0.374,10.0798,-0.0241,6.4183
0.376,10.1312,-0.0242,6.4492
0.378,10.1825,-0.0244,6.48
0.38,10.2338,-0.0245,6.5108
0.382,10.2851,-0.0247,6.5416
0.384,10.3364,-0.0248,6.5723
0.386,10.3876,-0.025,6.603
0.388,10.4388,-0.0251,6.6337
0.39,10.49,-0.0253,6.6643
0.392,10.5412,-0.0254,6.6949
0.394,10.5923,-0.0256,6.7254
0.396,10.6435,-0.0258,6.756
0.398,10.6945,-0.0259,6.7865
0.4,10.7456,-0.0261,6.8169
0.402,10.7967,-0.0262,6.8473
0.404,10.8477,-0.0264,6.8777
0.406,10.8987,-0.0265,6.9081
0.408,10.9496,-0.0267,6.9384
0.41,11.0006,-0.0268,6.9687
0.412,11.0515,-0.027,6.9989
0.414,11.1024,-0.0272,7.0291
0.416,11.1533,-0.0273,7.0593
0.418,11.2041,-0.0275,7.0894
0.42,11.255,-0.0276,7.1195
0.422,11.3058,-0.0278,7.1496
0.424,11.3565,-0.0279,7.1797
0.426,11.4073,-0.0281,7.2097
0.428,11.458,-0.0283,7.2396
0.43,11.5087,-0.0284,7.2696
0.432,11.5594,-0.0286,7.2995
0.434,11.6101,-0.0287,7.3293
0.436,11.6607,-0.0289,7.3592
0.438,11.7113,-0.0291,7.389
0.44,11.7619,-0.0292,7.4187
0.442,11.8125,-0.0294,7.4485
0.444,11.863,-0.0295,7.4782
0.446,11.9135,-0.0297,7.5078
0.448,11.964,-0.0299,7.5374
0.45,12.0145,-0.03,7.567
0.452,12.0649,-0.0302,7.5966
0.454,12.1154,-0.0303,7.6261
0.456,12.1658,-0.0305,7.6556
0.458,12.2161,-0.0307,7.6851
0.46,12.2665,-0.0308,7.7145
0.462,12.3168,-0.031,7.7439
0.464,12.3671,-0.0312,7.7732
0.466,12.4174,-0.0313,7.8025
0.468,12.4677,-0.0315,7.8318
0.47,12.5179,-0.0317,7.8611
0.472,12.5681,-0.0318,7.8903
0.474,12.6183,-0.032,7.9194
0.476,12.6685,-0.0321,7.9486
0.478,12.7186,-0.0323,7.9777
0.48,12.7687,-0.0325,8.0068
0.482,12.8188,-0.0326,8.0358
0.484,12.8689,-0.0328,8.0648
0.486,12.9189,-0.033,8.0938
0.488,12.969,-0.0331,8.1227
0.49,13.019,-0.0333,8.1516
0.492,13.0689,-0.0335,8.1805
0.494,13.1189,-0.0336,8.2093
0.496,13.1688,-0.0338,8.2381
0.498,13.2187,-0.034,8.2669
0.5,13.2686,-0.0341,8.2957
0.502,13.3185,-0.0343,8.3244
0.504,13.3683,-0.0345,8.353
0.506,13.4181,-0.0346,8.3816
0.508,13.4679,-0.0348,8.4102
0.51,13.5177,-0.035,8.4388
0.512,13.5675,-0.0351,8.4673
0.514,13.6172,-0.0353,8.4958
0.516,13.6669,-0.0355,8.5243
0.518,13.7166,-0.0356,8.5527
0.52,13.7662,-0.0358,8.5811
0.522,13.8159,-0.036,8.6095
0.524,13.8655,-0.0362,8.6378
0.526,13.9151,-0.0363,8.6661
0.528,13.9646,-0.0365,8.6943
0.53,14.0142,-0.0367,8.7226
0.532,14.0637,-0.0368,8.7507
0.534,14.1132,-0.037,8.7789
0.536,14.1627,-0.0372,8.807
0.538,14.2121,-0.0373,8.8351
0.54,14.2616,-0.0375,8.8632
0.542,14.311,-0.0377,8.8912
0.544,14.3604,-0.0379,8.9192
0.546,14.4097,-0.038,8.9471
0.548,14.4591,-0.0382,8.975
0.55,14.5084,-0.0384,9.0029
0.552,14.5577,-0.0386,9.0308
0.554,14.607,-0.0387,9.0586
0.556,14.6562,-0.0389,9.0863
0.558,14.7055,-0.0391,9.1141
0.56,14.7547,-0.0392,9.1418
0.562,14.8039,-0.0394,9.1695
0.564,14.853,-0.0396,9.1971
0.566,14.9022,-0.0398,9.2247
0.568,14.9513,-0.0399,9.2523
0.57,15.0004,-0.0401,9.2799
0.572,15.0495,-0.0403,9.3074
0.574,15.0985,-0.0405,9.3348
0.576,15.1476,-0.0406,9.3623
0.578,15.1966,-0.0408,9.3897
0.58,15.2456,-0.041,9.4171
0.582,15.2945,-0.0412,9.4444
0.584,15.3435,-0.0413,9.4717
0.586,15.3924,-0.0415,9.499
0.588,15.4413,-0.0417,9.5262
0.59,15.4902,-0.0419,9.5534
0.592,15.539,-0.0421,9.5806
0.594,15.5879,-0.0422,9.6077
0.596,15.6367,-0.0424,9.6348
0.598,15.6855,-0.0426,9.6619
0.6,15.7343,-0.0428,9.6889
0.602,15.783,-0.0429,9.7159
0.604,15.8317,-0.0431,9.7429
0.606,15.8804,-0.0433,9.7698
0.608,15.9291,-0.0435,9.7967
0.61,15.9778,-0.0437,9.8236
0.612,16.0264,-0.0438,9.8504
0.614,16.0751,-0.044,9.8772
0.616,16.1237,-0.0442,9.904
0.618,16.1722,-0.0444,9.9307
0.62,16.2208,-0.0446,9.9574
0.622,16.2693,-0.0447,9.9841
0.624,16.3178,-0.0449,10.0107
0.626,16.3663,-0.0451,10.0373
0.628,16.4148,-0.0453,10.0639
0.63,16.4632,-0.0455,10.0904
0.632,16.5117,-0.0456,10.1169
0.634,16.5601,-0.0458,10.1434
0.636,16.6085,-0.046,10.1698
0.638,16.6568,-0.0462,10.1962
0.64,16.7052,-0.0464,10.2226
0.642,16.7535,-0.0466,10.2489
0.644,16.8018,-0.0467,10.2752
0.646,16.8501,-0.0469,10.3014
0.648,16.8983,-0.0471,10.3277
0.65,16.9466,-0.0473,10.3539
0.652,16.9948,-0.0475,10.38
0.654,17.043,-0.0477,10.4062
0.656,17.0912,-0.0478,10.4322
0.658,17.1393,-0.048,10.4583
0.66,17.1874,-0.0482,10.4843
0.662,17.2356,-0.0484,10.5103
0.664,17.2836,-0.0486,10.5363
0.666,17.3317,-0.0488,10.5622
0.668,17.3798,-0.049,10.5881
0.67,17.4278,-0.0491,10.614
0.672,17.4758,-0.0493,10.6398
0.674,17.5238,-0.0495,10.6656
0.676,17.5718,-0.0497,10.6913
0.678,17.6197,-0.0499,10.7171
0.68,17.6676,-0.0501,10.7427
0.682,17.7155,-0.0503,10.7684
0.684,17.7634,-0.0504,10.794
0.686,17.8113,-0.0506,10.8196
0.688,17.8591,-0.0508,10.8452
0.69,17.9069,-0.051,10.8707
0.692,17.9547,-0.0512,10.8962
0.694,18.0025,-0.0514,10.9216
0.696,18.0503,-0.0516,10.9471
0.698,18.098,-0.0518,10.9725
0.7,18.1457,-0.0519,10.9978
0.702,18.1934,-0.0521,11.0231
0.704,18.2411,-0.0523,11.0484
0.706,18.2888,-0.0525,11.0737
0.708,18.3364,-0.0527,11.0989
0.71,18.384,-0.0529,11.1241
0.712,18.4316,-0.0531,11.1493
0.714,18.4792,-0.0533,11.1744
0.716,18.5268,-0.0535,11.1995
0.718,18.5743,-0.0537,11.2245
0.72,18.6218,-0.0538,11.2496
0.722,18.6693,-0.054,11.2745
0.724,18.7168,-0.0542,11.2995
0.726,18.7642,-0.0544,11.3244
0.728,18.8117,-0.0546,11.3493
0.73,18.8591,-0.0548,11.3742
0.732,18.9065,-0.055,11.399
0.734,18.9539,-0.0552,11.4238
0.736,19.0012,-0.0554,11.4486
0.738,19.0485,-0.0556,11.4733
0.74,19.0959,-0.0558,11.498
0.742,19.1432,-0.056,11.5226
0.744,19.1904,-0.0562,11.5472
0.746,19.2377,-0.0563,11.5718
0.748,19.2849,-0.0565,11.5964
0.75,19.3321,-0.0567,11.6209
0.752,19.3793,-0.0569,11.6454
0.754,19.4265,-0.0571,11.6699
0.756,19.4737,-0.0573,11.6943
0.758,19.5208,-0.0575,11.7187
0.76,19.5679,-0.0577,11.7431
0.762,19.615,-0.0579,11.7674
0.764,19.6621,-0.0581,11.7917
0.766,19.7091,-0.0583,11.8159
0.768,19.7562,-0.0585,11.8402
0.77,19.8032,-0.0587,11.8644
0.772,19.8502,-0.0589,11.8885
0.774,19.8972,-0.0591,11.9126
0.776,19.9441,-0.0593,11.9367
0.778,19.9911,-0.0595,11.9608
0.78,20.038,-0.0597,11.9848
0.782,20.0849,-0.0599,12.0088
0.784,20.1318,-0.0601,12.0328
0.786,20.1786,-0.0603,12.0567
0.788,20.2255,-0.0605,12.0806
0.79,20.2723,-0.0607,12.1045
0.792,20.3191,-0.0609,12.1283
0.794,20.3659,-0.061,12.1521
0.796,20.4126,-0.0612,12.1759
0.798,20.4594,-0.0614,12.1996
0.8,20.5061,-0.0616,12.2233
0.802,20.5528,-0.0618,12.247
0.804,20.5995,-0.062,12.2706
0.806,20.6462,-0.0622,12.2942
0.808,20.6928,-0.0624,12.3178
0.81,20.7395,-0.0626,12.3413
0.812,20.7861,-0.0628,12.3648
0.814,20.8327,-0.063,12.3883
0.816,20.8792,-0.0632,12.4117
0.818,20.9258,-0.0634,12.4351
0.82,20.9723,-0.0636,12.4585
0.822,21.0188,-0.0638,12.4818
0.824,21.0653,-0.064,12.5051
0.826,21.1118,-0.0643,12.5284
0.828,21.1583,-0.0645,12.5516
0.83,21.2047,-0.0647,12.5748
0.832,21.2511,-0.0649,12.598
0.834,21.2975,-0.0651,12.6211
0.836,21.3439,-0.0653,12.6442
0.838,21.3903,-0.0655,12.6673
0.84,21.4366,-0.0657,12.6903
0.842,21.4829,-0.0659,12.7133
0.844,21.5292,-0.0661,12.7363
0.846,21.5755,-0.0663,12.7593
0.848,21.6218,-0.0665,12.7822
0.8501,21.6692,-0.0667,12.8056
0.8521,21.7166,-0.0669,12.829
0.8542,21.764,-0.0671,12.8524
0.8562,21.8113,-0.0673,12.8757
0.8583,21.8586,-0.0675,12.8991
0.8603,21.9059,-0.0677,12.9223
0.8624,21.9532,-0.0679,12.9456
0.8644,22.0005,-0.0682,12.9688
0.8665,22.0477,-0.0684,12.9919
0.8685,22.095,-0.0686,13.0151
0.8706,22.1422,-0.0688,13.0382
0.8726,22.1894,-0.069,13.0612
0.8747,22.2365,-0.0692,13.0843
0.8767,22.2837,-0.0694,13.1073
0.8788,22.3308,-0.0696,13.1302
0.8808,22.3779,-0.0698,13.1532
0.8829,22.425,-0.0701,13.1761
0.8849,22.4721,-0.0703,13.1989
0.887,22.5192,-0.0705,13.2218
0.889,22.5662,-0.0707,13.2446
0.8911,22.6132,-0.0709,13.2673
0.8931,22.6602,-0.0711,13.29
0.8952,22.7072,-0.0713,13.3127
0.8972,22.7542,-0.0716,13.3354
0.8993,22.8011,-0.0718,13.358
0.9013,22.848,-0.072,13.3806
0.9034,22.8949,-0.0722,13.4031
0.9054,22.9418,-0.0724,13.4257
0.9075,22.9887,-0.0726,13.4481
0.9095,23.0355,-0.0728,13.4706
0.9116,23.0823,-0.0731,13.493
0.9136,23.1291,-0.0733,13.5154
0.9157,23.1759,-0.0735,13.5377
0.9177,23.2227,-0.0737,13.56
0.9198,23.2695,-0.0739,13.5823
0.9218,23.3162,-0.0741,13.6046
0.9239,23.3629,-0.0743,13.6268
0.9259,23.4096,-0.0746,13.649
0.928,23.4563,-0.0748,13.6711
0.93,23.5029,-0.075,13.6932
0.9321,23.5496,-0.0752,13.7153
0.9341,23.5962,-0.0754,13.7373
0.9362,23.6428,-0.0757,13.7593
0.9382,23.6894,-0.0759,13.7813
0.9403,23.7359,-0.0761,13.8032
0.9423,23.7825,-0.0763,13.8251
0.9444,23.829,-0.0765,13.847
0.9464,23.8755,-0.0767,13.8688
0.9485,23.922,-0.077,13.8906
0.9505,23.9685,-0.0772,13.9124
0.9526,24.0149,-0.0774,13.9341
0.9546,24.0613,-0.0776,13.9558
0.9567,24.1078,-0.0778,13.9775
0.9587,24.1542,-0.0781,13.9991
0.9608,24.2005,-0.0783,14.0207
0.9628,24.2469,-0.0785,14.0423
0.9649,24.2932,-0.0787,14.0638
0.9669,24.3395,-0.0789,14.0853
0.969,24.3859,-0.0792,14.1067
0.971,24.4321,-0.0794,14.1282
0.9731,24.4784,-0.0796,14.1496
0.9751,24.5247,-0.0798,14.1709
0.9772,24.5709,-0.08,14.1922
0.9792,24.6171,-0.0803,14.2135
0.9813,24.6633,-0.0805,14.2348
0.9833,24.7095,-0.0807,14.256
0.9854,24.7556,-0.0809,14.2772
0.9874,24.8018,-0.0812,14.2983
0.9895,24.8479,-0.0814,14.3195
0.9915,24.894,-0.0816,14.3405
0.9936,24.9401,-0.0818,14.3616
0.9956,24.9861,-0.082,14.3826
0.9977,25.0322,-0.0823,14.4036
0.9997,25.0782,-0.0825,14.4245
1.0018,25.1242,-0.0827,14.4455
1.0038,25.1702,-0.0829,14.4663
1.0059,25.2162,-0.0832,14.4872
1.0079,25.2622,-0.0834,14.508
1.01,25.3081,-0.0836,14.5288
1.012,25.354,-0.0838,14.5495
1.0141,25.3999,-0.0841,14.5702
1.0161,25.4458,-0.0843,14.5909
1.0182,25.4917,-0.0845,14.6115
1.0202,25.5375,-0.0847,14.6322
1.0223,25.5834,-0.085,14.6527
1.0243,25.6292,-0.0852,14.6733
1.0264,25.675,-0.0854,14.6938
1.0284,25.7208,-0.0856,14.7142
1.0305,25.7665,-0.0859,14.7347
1.0325,25.8123,-0.0861,14.7551
1.0346,25.858,-0.0863,14.7755
1.0366,25.9037,-0.0866,14.7958
1.0387,25.9494,-0.0868,14.8161
1.0407,25.9951,-0.087,14.8364
1.0428,26.0407,-0.0872,14.8566
1.0448,26.0864,-0.0875,14.8768
1.0469,26.132,-0.0877,14.897
1.0489,26.1776,-0.0879,14.9171
1.051,26.2232,-0.0881,14.9372
1.053,26.2687,-0.0884,14.9573
1.0551,26.3143,-0.0886,14.9773
1.0571,26.3598,-0.0888,14.9973
1.0592,26.4053,-0.0891,15.0173
1.0612,26.4508,-0.0893,15.0372
1.0633,26.4963,-0.0895,15.0571
1.0653,26.5418,-0.0898,15.077
1.0674,26.5872,-0.09,15.0968
1.0694,26.6327,-0.0902,15.1166
1.0715,26.6781,-0.0904,15.1364
1.0735,26.7235,-0.0907,15.1561
1.0756,26.7689,-0.0909,15.1758
1.0776,26.8142,-0.0911,15.1954
1.0797,26.8596,-0.0914,15.2151
1.0817,26.9049,-0.0916,15.2347
1.0838,26.9502,-0.0918,15.2542
1.0858,26.9955,-0.0921,15.2738
1.0879,27.0408,-0.0923,15.2932
1.0899,27.086,-0.0925,15.3127
1.092,27.1313,-0.0928,15.3321
1.094,27.1765,-0.093,15.3515
1.0961,27.2217,-0.0932,15.3709
1.0981,27.2669,-0.0935,15.3902
1.1002,27.3121,-0.0937,15.4095
1.1022,27.3572,-0.0939,15.4288
1.1043,27.4024,-0.0942,15.448
1.1063,27.4475,-0.0944,15.4672
1.1084,27.4926,-0.0946,15.4863
1.1104,27.5377,-0.0949,15.5054
1.1125,27.5827,-0.0951,15.5245
1.1145,27.6278,-0.0953,15.5436
1.1166,27.6728,-0.0956,15.5626
1.1186,27.7179,-0.0958,15.5816
1.1207,27.7629,-0.096,15.6006
1.1227,27.8078,-0.0963,15.6195
1.1248,27.8528,-0.0965,15.6384
1.1268,27.8978,-0.0967,15.6572
1.1289,27.9427,-0.097,15.676
1.1309,27.9876,-0.0972,15.6948
1.133,28.0325,-0.0974,15.7136
1.135,28.0774,-0.0977,15.7323
1.1371,28.1223,-0.0979,15.751
1.1391,28.1671,-0.0981,15.7696
1.1412,28.212,-0.0984,15.7883
1.1432,28.2568,-0.0986,15.8068
1.1453,28.3016,-0.0989,15.8254
1.1473,28.3464,-0.0991,15.8439
1.1494,28.3912,-0.0993,15.8624
1.1514,28.4359,-0.0996,15.8808
1.1535,28.4807,-0.0998,15.8993
1.1555,28.5254,-0.1,15.9176
1.1576,28.5701,-0.1003,15.936
1.1596,28.6148,-0.1005,15.9543
1.1617,28.6594,-0.1008,15.9726
1.1637,28.7041,-0.101,15.9908
1.1658,28.7487,-0.1012,16.0091
1.1678,28.7934,-0.1015,16.0272
1.1699,28.838,-0.1017,16.0454
1.1719,28.8826,-0.102,16.0635
1.174,28.9271,-0.1022,16.0816
1.176,28.9717,-0.1024,16.0996
1.1781,29.0162,-0.1027,16.1177
1.1801,29.0608,-0.1029,16.1356
1.1822,29.1053,-0.1032,16.1536
1.1842,29.1498,-0.1034,16.1715
1.1863,29.1943,-0.1036,16.1894
1.1883,29.2387,-0.1039,16.2072
1.1904,29.2832,-0.1041,16.225
1.1924,29.3276,-0.1044,16.2428
1.1945,29.372,-0.1046,16.2606
1.1965,29.4164,-0.1048,16.2783
1.1986,29.4608,-0.1051,16.296
1.2006,29.5051,-0.1053,16.3136
1.2027,29.5495,-0.1056,16.3312
1.2047,29.5938,-0.1058,16.3488
1.2068,29.6382,-0.1061,16.3664
1.2088,29.6825,-0.1063,16.3839
1.2109,29.7267,-0.1065,16.4014
1.2129,29.771,-0.1068,16.4188
1.215,29.8153,-0.107,16.4362
1.217,29.8595,-0.1073,16.4536
1.2191,29.9037,-0.1075,16.471
1.2211,29.9479,-0.1078,16.4883
1.2232,29.9921,-0.108,16.5056
1.2252,30.0363,-0.1082,16.5228
1.2273,30.0805,-0.1085,16.54
1.2293,30.1246,-0.1087,16.5572
1.2314,30.1687,-0.109,16.5743
1.2334,30.2128,-0.1092,16.5915
1.2355,30.2569,-0.1095,16.6085
1.2375,30.301,-0.1097,16.6256
1.2396,30.3451,-0.11,16.6426
1.2416,30.3891,-0.1102,16.6596
1.2437,30.4332,-0.1105,16.6765
1.2457,30.4772,-0.1107,16.6935
1.2478,30.5212,-0.1109,16.7103
1.2498,30.5652,-0.1112,16.7272
1.2519,30.6091,-0.1114,16.744
1.2539,30.6531,-0.1117,16.7608
1.256,30.697,-0.1119,16.7775
1.258,30.741,-0.1122,16.7942
1.2601,30.7849,-0.1124,16.8109
1.2621,30.8288,-0.1127,16.8276
1.2642,30.8727,-0.1129,16.8442
1.2662,30.9165,-0.1132,16.8608
1.2683,30.9604,-0.1134,16.8773
1.2703,31.0042,-0.1137,16.8938
1.2724,31.048,-0.1139,16.9103
1.2744,31.0918,-0.1142,16.9268
1.2765,31.1356,-0.1144,16.9432
1.2785,31.1794,-0.1147,16.9596
1.2806,31.2231,-0.1149,16.9759
1.2826,31.2669,-0.1152,16.9923
1.2847,31.3106,-0.1154,17.0085
1.2867,31.3543,-0.1157,17.0248
1.2888,31.398,-0.1159,17.041
1.2908,31.4417,-0.1162,17.0572
1.2929,31.4854,-0.1164,17.0733
1.2949,31.529,-0.1167,17.0895
1.297,31.5727,-0.1169,17.1055
1.299,31.6163,-0.1172,17.1216
1.3011,31.6599,-0.1174,17.1376
1.3031,31.7035,-0.1177,17.1536
1.3052,31.747,-0.1179,17.1696
1.3072,31.7906,-0.1182,17.1855
1.3093,31.8342,-0.1184,17.2014
1.3113,31.8777,-0.1187,17.2172
1.3134,31.9212,-0.1189,17.233
1.3154,31.9647,-0.1192,17.2488
1.3175,32.0082,-0.1194,17.2646
1.3195,32.0517,-0.1197,17.2803
1.3216,32.0951,-0.1199,17.296
1.3236,32.1386,-0.1202,17.3117
1.3257,32.182,-0.1204,17.3273
1.3277,32.2254,-0.1207,17.3429
1.3298,32.2688,-0.1209,17.3584
1.3318,32.3122,-0.1212,17.3739
1.3339,32.3555,-0.1214,17.3894
1.3359,32.3989,-0.1217,17.4049
1.338,32.4422,-0.122,17.4203
1.34,32.4856,-0.1222,17.4357
1.3421,32.5289,-0.1225,17.4511
1.3441,32.5722,-0.1227,17.4664
1.3462,32.6154,-0.123,17.4817
1.3482,32.6587,-0.1232,17.497
1.3503,32.702,-0.1235,17.5122
1.3523,32.7452,-0.1237,17.5274
1.3544,32.7884,-0.124,17.5425
1.3564,32.8316,-0.1242,17.5577
1.3585,32.8748,-0.1245,17.5728
1.3605,32.918,-0.1248,17.5878
1.3626,32.9611,-0.125,17.6028
1.3646,33.0043,-0.1253,17.6178
1.3667,33.0474,-0.1255,17.6328
1.3687,33.0906,-0.1258,17.6477
1.3708,33.1337,-0.126,17.6626
1.3728,33.1767,-0.1263,17.6775
1.3749,33.2198,-0.1265,17.6923
1.3769,33.2629,-0.1268,17.7071
1.379,33.3059,-0.1271,17.7219
1.381,33.349,-0.1273,17.7366
1.3831,33.392,-0.1276,17.7513
1.3851,33.435,-0.1278,17.766
1.3872,33.478,-0.1281,17.7806
1.3892,33.521,-0.1284,17.7952
1.3913,33.5639,-0.1286,17.8098
1.3933,33.6069,-0.1289,17.8243
1.3954,33.6498,-0.1291,17.8388
1.3974,33.6927,-0.1294,17.8533
1.3995,33.7356,-0.1296,17.8677
1.4015,33.7785,-0.1299,17.8821
1.4036,33.8214,-0.1302,17.8965
1.4056,33.8643,-0.1304,17.9109
1.4077,33.9071,-0.1307,17.9252
1.4097,33.9499,-0.1309,17.9394
1.4118,33.9928,-0.1312,17.9537
1.4138,34.0356,-0.1315,17.9679
1.4159,34.0784,-0.1317,17.9821
1.4179,34.1211,-0.132,17.9962
1.42,34.1639,-0.1322,18.0103
1.422,34.2067,-0.1325,18.0244
1.4241,34.2494,-0.1328,18.0384
1.4261,34.2921,-0.133,18.0524
1.4282,34.3348,-0.1333,18.0664
1.4302,34.3775,-0.1335,18.0804
1.4323,34.4202,-0.1338,18.0943
1.4343,34.4629,-0.1341,18.1081
1.4364,34.5055,-0.1343,18.122
1.4384,34.5482,-0.1346,18.1358
1.4405,34.5908,-0.1349,18.1496
1.4425,34.6334,-0.1351,18.1633
1.4446,34.676,-0.1354,18.177
1.4466,34.7186,-0.1356,18.1907
1.4487,34.7612,-0.1359,18.2044
1.4507,34.8037,-0.1362,18.218
1.4528,34.8463,-0.1364,18.2316
1.4548,34.8888,-0.1367,18.2451
1.4569,34.9313,-0.137,18.2587
1.4589,34.9738,-0.1372,18.2721
1.461,35.0163,-0.1375,18.2856
1.463,35.0588,-0.1378,18.299
1.4651,35.1012,-0.138,18.3124
1.4671,35.1437,-0.1383,18.3258
1.4692,35.1861,-0.1385,18.3391
1.4712,35.2285,-0.1388,18.3524
1.4733,35.2709,-0.1391,18.3656
1.4753,35.3133,-0.1393,18.3789
1.4774,35.3557,-0.1396,18.392
1.4794,35.3981,-0.1399,18.4052
1.4815,35.4404,-0.1401,18.4183
1.4835,35.4828,-0.1404,18.4314
1.4856,35.5251,-0.1407,18.4445
1.4876,35.5674,-0.1409,18.4575
1.4897,35.6097,-0.1412,18.4705
1.4917,35.652,-0.1415,18.4835
1.4938,35.6943,-0.1417,18.4964
1.4958,35.7365,-0.142,18.5093
1.4979,35.7788,-0.1423,18.5222
1.4999,35.821,-0.1425,18.535
1.502,35.8632,-0.1428,18.5478
1.504,35.9054,-0.1431,18.5606
1.5061,35.9476,-0.1433,18.5733
1.5081,35.9898,-0.1436,18.586
1.5102,36.032,-0.1439,18.5987
1.5122,36.0741,-0.1441,18.6113
1.5143,36.1163,-0.1444,18.6239
1.5163,36.1584,-0.1447,18.6365
1.5184,36.2005,-0.1449,18.649
1.5204,36.2426,-0.1452,18.6615
1.5225,36.2847,-0.1455,18.674
1.5245,36.3268,-0.1458,18.6865
1.5266,36.3688,-0.146,18.6989
1.5286,36.4109,-0.1463,18.7112
1.5307,36.4529,-0.1466,18.7236
1.5327,36.495,-0.1468,18.7359
1.5348,36.537,-0.1471,18.7482
1.5368,36.579,-0.1474,18.7604
1.5389,36.6209,-0.1476,18.7726
1.5409,36.6629,-0.1479,18.7848
1.543,36.7049,-0.1482,18.797
1.545,36.7468,-0.1484,18.8091
1.5471,36.7887,-0.1487,18.8212
1.5491,36.8307,-0.149,18.8332
1.5512,36.8726,-0.1493,18.8452
1.5532,36.9145,-0.1495,18.8572
1.5553,36.9563,-0.1498,18.8692
1.5573,36.9982,-0.1501,18.8811
1.5594,37.0401,-0.1503,18.893
1.5614,37.0819,-0.1506,18.9049
1.5635,37.1237,-0.1509,18.9167
1.5655,37.1656,-0.1512,18.9285
1.5676,37.2074,-0.1514,18.9402
1.5696,37.2491,-0.1517,18.952
1.5717,37.2909,-0.152,18.9636
1.5737,37.3327,-0.1523,18.9753
1.5758,37.3744,-0.1525,18.9869
1.5778,37.4162,-0.1528,18.9985
1.5799,37.4579,-0.1531,19.0101
1.5819,37.4996,-0.1533,19.0216
1.584,37.5413,-0.1536,19.0331
1.586,37.583,-0.1539,19.0446
1.5881,37.6247,-0.1542,19.056
1.5901,37.6664,-0.1544,19.0674
1.5922,37.708,-0.1547,19.0788
1.5942,37.7497,-0.155,19.0901
1.5963,37.7913,-0.1553,19.1015
1.5983,37.8329,-0.1555,19.1127
1.6004,37.8745,-0.1558,19.124
1.6024,37.9161,-0.1561,19.1352
1.6045,37.9577,-0.1564,19.1464
1.6065,37.9992,-0.1566,19.1575
1.6086,38.0408,-0.1569,19.1686
1.6106,38.0823,-0.1572,19.1797
1.6127,38.1239,-0.1575,19.1907
1.6147,38.1654,-0.1577,19.2017
1.6168,38.2069,-0.158,19.2127
1.6188,38.2484,-0.1583,19.2237
1.6209,38.2898,-0.1586,19.2346
1.6229,38.3313,-0.1588,19.2455
1.625,38.3728,-0.1591,19.2563
1.627,38.4142,-0.1594,19.2672
1.6291,38.4556,-0.1597,19.2779
1.6311,38.497,-0.16,19.2887
1.6332,38.5384,-0.1602,19.2994
1.6352,38.5798,-0.1605,19.3101
1.6373,38.6212,-0.1608,19.3208
1.6393,38.6626,-0.1611,19.3314
1.6414,38.7039,-0.1613,19.342
1.6434,38.7453,-0.1616,19.3525
1.6455,38.7866,-0.1619,19.3631
1.6475,38.8279,-0.1622,19.3736
1.6496,38.8692,-0.1625,19.384
1.6516,38.9105,-0.1627,19.3945
1.6537,38.9518,-0.163,19.4049
1.6557,38.9931,-0.1633,19.4152
1.6578,39.0344,-0.1636,19.4256
1.6598,39.0756,-0.1639,19.4359
1.6619,39.1168,-0.1641,19.4461
1.6639,39.1581,-0.1644,19.4564
1.666,39.1993,-0.1647,19.4666
1.668,39.2405,-0.165,19.4768
1.6701,39.2817,-0.1653,19.4869
1.6721,39.3228,-0.1655,19.497
1.6742,39.364,-0.1658,19.5071
1.6762,39.4051,-0.1661,19.5171
1.6783,39.4463,-0.1664,19.5272
1.6803,39.4874,-0.1667,19.5371
1.6824,39.5285,-0.1669,19.5471
1.6844,39.5696,-0.1672,19.557
1.6865,39.6107,-0.1675,19.5669
1.6885,39.6518,-0.1678,19.5767
1.6906,39.6929,-0.1681,19.5866
1.6926,39.7339,-0.1683,19.5963
1.6947,39.775,-0.1686,19.6061
1.6967,39.816,-0.1689,19.6158
1.6988,39.857,-0.1692,19.6255
1.7008,39.898,-0.1695,19.6352
1.7029,39.939,-0.1698,19.6448
1.7049,39.98,-0.17,19.6544
1.707,40.021,-0.1703,19.664
1.709,40.062,-0.1706,19.6735
1.7111,40.1029,-0.1709,19.683
1.7131,40.1439,-0.1712,19.6925
1.7152,40.1848,-0.1715,19.7019
1.7172,40.2257,-0.1717,19.7113
1.7193,40.2666,-0.172,19.7207
1.7213,40.3075,-0.1723,19.73
1.7234,40.3484,-0.1726,19.7393
1.7254,40.3893,-0.1729,19.7486
1.7275,40.4301,-0.1732,19.7578
1.7295,40.471,-0.1734,19.767
1.7316,40.5118,-0.1737,19.7762
1.7336,40.5526,-0.174,19.7853
1.7357,40.5934,-0.1743,19.7945
1.7377,40.6342,-0.1746,19.8035
1.7398,40.675,-0.1749,19.8126
1.7418,40.7158,-0.1752,19.8216
1.7439,40.7566,-0.1754,19.8306
1.7459,40.7973,-0.1757,19.8395
1.748,40.8381,-0.176,19.8485
1.75,40.8788,-0.1763,19.8573
1.7521,40.9195,-0.1766,19.8662
1.7541,40.9603,-0.1769,19.875
1.7562,41.001,-0.1772,19.8838
1.7582,41.0416,-0.1774,19.8926
1.7603,41.0823,-0.1777,19.9013
1.7623,41.123,-0.178,19.91
1.7644,41.1636,-0.1783,19.9187
1.7664,41.2043,-0.1786,19.9273
1.7685,41.2449,-0.1789,19.9359
1.7705,41.2855,-0.1792,19.9445
1.7726,41.3261,-0.1795,19.953
1.7746,41.3667,-0.1797,19.9615
1.7767,41.4073,-0.18,19.97
1.7787,41.4479,-0.1803,19.9784
1.7808,41.4885,-0.1806,19.9868
1.7828,41.529,-0.1809,19.9952
1.7849,41.5696,-0.1812,20.0035
1.7869,41.6101,-0.1815,20.0118
1.789,41.6506,-0.1818,20.0201
1.791,41.6911,-0.182,20.0284
1.7931,41.7316,-0.1823,20.0366
1.7951,41.7721,-0.1826,20.0448
1.7972,41.8126,-0.1829,20.0529
1.7992,41.8531,-0.1832,20.061
1.8013,41.8935,-0.1835,20.0691
1.8033,41.934,-0.1838,20.0772
1.8054,41.9744,-0.1841,20.0852
1.8074,42.0148,-0.1844,20.0932
1.8095,42.0552,-0.1847,20.1012
1.8115,42.0956,-0.1849,20.1091
1.8136,42.136,-0.1852,20.117
1.8156,42.1764,-0.1855,20.1249
1.8177,42.2168,-0.1858,20.1327
1.8197,42.2571,-0.1861,20.1405
1.8218,42.2975,-0.1864,20.1483
1.8238,42.3378,-0.1867,20.156
1.8259,42.3781,-0.187,20.1637
1.8279,42.4185,-0.1873,20.1714
1.83,42.4588,-0.1876,20.179
1.832,42.4991,-0.1879,20.1866
1.8341,42.5393,-0.1882,20.1942
1.8361,42.5796,-0.1884,20.2017
1.8382,42.6199,-0.1887,20.2092
1.8402,42.6601,-0.189,20.2167
1.8423,42.7004,-0.1893,20.2242
1.8443,42.7406,-0.1896,20.2316
1.8464,42.7808,-0.1899,20.239
1.8484,42.821,-0.1902,20.2463
1.8505,42.8612,-0.1905,20.2537
1.8525,42.9014,-0.1908,20.2609
1.8546,42.9416,-0.1911,20.2682
1.8566,42.9817,-0.1914,20.2754
1.8587,43.0219,-0.1917,20.2826
1.8607,43.062,-0.192,20.2898
1.8628,43.1022,-0.1923,20.2969
1.8648,43.1423,-0.1925,20.304
1.8669,43.1824,-0.1928,20.3111
1.8689,43.2225,-0.1931,20.3181
1.871,43.2626,-0.1934,20.3251
1.873,43.3027,-0.1937,20.3321
1.8751,43.3427,-0.194,20.339
1.8771,43.3828,-0.1943,20.3459
1.8792,43.4229,-0.1946,20.3528
1.8812,43.4629,-0.1949,20.3596
1.8833,43.5029,-0.1952,20.3665
1.8853,43.5429,-0.1955,20.3732
1.8874,43.583,-0.1958,20.38
1.8894,43.623,-0.1961,20.3867
1.8915,43.6629,-0.1964,20.3934
1.8935,43.7029,-0.1967,20.4
1.8956,43.7429,-0.197,20.4067
1.8976,43.7828,-0.1973,20.4133
1.8997,43.8228,-0.1976,20.4198
1.9017,43.8627,-0.1979,20.4263
1.9038,43.9026,-0.1982,20.4328
1.9058,43.9426,-0.1985,20.4393
1.9079,43.9825,-0.1988,20.4457
1.9099,44.0224,-0.1991,20.4521
1.912,44.0623,-0.1994,20.4585
1.914,44.1021,-0.1997,20.4648
1.9161,44.142,-0.2,20.4711
1.9181,44.1818,-0.2002,20.4774
1.9202,44.2217,-0.2005,20.4836
1.9222,44.2615,-0.2008,20.4898
1.9243,44.3014,-0.2011,20.496
1.9263,44.3412,-0.2014,20.5022
1.9284,44.381,-0.2017,20.5083
1.9304,44.4208,-0.202,20.5144
1.9325,44.4605,-0.2023,20.5204
1.9345,44.5003,-0.2026,20.5264
1.9366,44.5401,-0.2029,20.5324
1.9386,44.5798,-0.2032,20.5384
1.9407,44.6196,-0.2035,20.5443
1.9427,44.6593,-0.2038,20.5502
1.9448,44.699,-0.2041,20.556
1.9468,44.7388,-0.2044,20.5619
1.9489,44.7785,-0.2047,20.5677
1.9509,44.8182,-0.205,20.5734
1.953,44.8578,-0.2053,20.5792
1.955,44.8975,-0.2056,20.5849
1.9571,44.9372,-0.2059,20.5905
1.9591,44.9768,-0.2062,20.5962
1.9612,45.0165,-0.2065,20.6018
1.9632,45.0561,-0.2068,20.6073
1.9653,45.0957,-0.2071,20.6129
1.9673,45.1354,-0.2074,20.6184
1.9694,45.175,-0.2077,20.6239
1.9714,45.2146,-0.208,20.6293
1.9735,45.2541,-0.2083,20.6347
1.9755,45.2937,-0.2086,20.6401
1.9776,45.3333,-0.209,20.6455
1.9796,45.3728,-0.2093,20.6508
1.9817,45.4124,-0.2096,20.6561
1.9837,45.4519,-0.2099,20.6613
1.9858,45.4915,-0.2102,20.6666
1.9878,45.531,-0.2105,20.6718
1.9899,45.5705,-0.2108,20.6769
1.9919,45.61,-0.2111,20.6821
1.994,45.6495,-0.2114,20.6872
1.996,45.689,-0.2117,20.6922
1.9981,45.7284,-0.212,20.6973
2.0001,45.7679,-0.2123,20.7023
2.0022,45.8073,-0.2126,20.7072
2.0042,45.8468,-0.2129,20.7122
2.0063,45.8862,-0.2132,20.7171
2.0083,45.9256,-0.2135,20.722
2.0104,45.965,-0.2138,20.7268
2.0124,46.0044,-0.2141,20.7316
2.0145,46.0438,-0.2144,20.7364
2.0165,46.0832,-0.2147,20.7412
2.0186,46.1226,-0.215,20.7459
2.0206,46.162,-0.2153,20.7506
2.0227,46.2013,-0.2156,20.7552
2.0247,46.2407,-0.2159,20.7599
2.0268,46.28,-0.2162,20.7645
2.0288,46.3193,-0.2165,20.769
2.0309,46.3587,-0.2169,20.7736
2.0329,46.398,-0.2172,20.7781
2.035,46.4373,-0.2175,20.7825
2.037,46.4765,-0.2178,20.787
2.0391,46.5158,-0.2181,20.7914
2.0411,46.5551,-0.2184,20.7957
2.0432,46.5944,-0.2187,20.8001
2.0452,46.6336,-0.219,20.8044
2.0473,46.6729,-0.2193,20.8087
2.0493,46.7121,-0.2196,20.8129
2.0514,46.7513,-0.2199,20.8171
2.0534,46.7905,-0.2202,20.8213
2.0555,46.8297,-0.2205,20.8255
2.0575,46.8689,-0.2208,20.8296
2.0596,46.9081,-0.2211,20.8337
2.0616,46.9473,-0.2215,20.8377
2.0637,46.9865,-0.2218,20.8418
2.0657,47.0256,-0.2221,20.8458
2.0678,47.0648,-0.2224,20.8497
2.0698,47.1039,-0.2227,20.8537
2.0719,47.1431,-0.223,20.8576
2.0739,47.1822,-0.2233,20.8614
2.076,47.2213,-0.2236,20.8653
2.078,47.2604,-0.2239,20.8691
2.0801,47.2995,-0.2242,20.8729
2.0821,47.3386,-0.2245,20.8766
2.0842,47.3777,-0.2248,20.8803
2.0862,47.4167,-0.2252,20.884
2.0883,47.4558,-0.2255,20.8876
2.0903,47.4949,-0.2258,20.8913
2.0924,47.5339,-0.2261,20.8949
2.0944,47.5729,-0.2264,20.8984
2.0965,47.612,-0.2267,20.9019
2.0985,47.651,-0.227,20.9054
2.1006,47.69,-0.2273,20.9089
2.1026,47.729,-0.2276,20.9123
2.1047,47.768,-0.2279,20.9157
2.1067,47.8069,-0.2283,20.9191
2.1088,47.8459,-0.2286,20.9224
2.1108,47.8849,-0.2289,20.9257
2.1129,47.9238,-0.2292,20.929
2.1149,47.9628,-0.2295,20.9322
2.117,48.0017,-0.2298,20.9354
2.119,48.0406,-0.2301,20.9386
2.1211,48.0796,-0.2304,20.9418
2.1231,48.1185,-0.2307,20.9449
2.1252,48.1574,-0.2311,20.948
2.1272,48.1963,-0.2314,20.951
2.1293,48.2351,-0.2317,20.954
2.1313,48.274,-0.232,20.957
2.1334,48.3129,-0.2323,20.96
2.1354,48.3517,-0.2326,20.9629
2.1375,48.3906,-0.2329,20.9658
2.1395,48.4294,-0.2332,20.9687
2.1416,48.4683,-0.2336,20.9715
2.1436,48.5071,-0.2339,20.9743
2.1457,48.5459,-0.2342,20.9771
2.1477,48.5847,-0.2345,20.9798
2.1498,48.6235,-0.2348,20.9825
2.1518,48.6623,-0.2351,20.9852
2.1539,48.7011,-0.2354,20.9879
2.1559,48.7398,-0.2357,20.9905
2.158,48.7786,-0.2361,20.9931
2.16,48.8173,-0.2364,20.9956
2.1621,48.8561,-0.2367,20.9981
2.1641,48.8948,-0.237,21.0006
2.1662,48.9335,-0.2373,21.0031
2.1682,48.9723,-0.2376,21.0055
2.1703,49.011,-0.2379,21.0079
2.1723,49.0497,-0.2383,21.0103
2.1744,49.0884,-0.2386,21.0126
2.1764,49.1271,-0.2389,21.0149
2.1785,49.1657,-0.2392,21.0172
2.1805,49.2044,-0.2395,21.0194
2.1826,49.2431,-0.2398,21.0216
2.1846,49.2817,-0.2402,21.0238
2.1867,49.3203,-0.2405,21.0259
2.1887,49.359,-0.2408,21.0281
2.1908,49.3976,-0.2411,21.0301
2.1928,49.4362,-0.2414,21.0322
2.1949,49.4748,-0.2417,21.0342
2.1969,49.5134,-0.242,21.0362
2.199,49.552,-0.2424,21.0382
2.201,49.5906,-0.2427,21.0401
2.2031,49.6292,-0.243,21.042
2.2051,49.6677,-0.2433,21.0438
2.2072,49.7063,-0.2436,21.0457
2.2092,49.7449,-0.2439,21.0475
2.2113,49.7834,-0.2443,21.0492
2.2133,49.8219,-0.2446,21.051
2.2154,49.8605,-0.2449,21.0527
2.2174,49.899,-0.2452,21.0544
2.2195,49.9375,-0.2455,21.056
2.2215,49.976,-0.2459,21.0576
2.2236,50.0145,-0.2462,21.0592
2.2256,50.053,-0.2465,21.0608
2.2277,50.0914,-0.2468,21.0623
2.2297,50.1299,-0.2471,21.0638
2.2318,50.1684,-0.2474,21.0652
2.2338,50.2068,-0.2478,21.0667
2.2359,50.2453,-0.2481,21.0681
2.2379,50.2837,-0.2484,21.0694
2.24,50.3221,-0.2487,21.0708
2.242,50.3605,-0.249,21.0721
2.2441,50.399,-0.2494,21.0733
2.2461,50.4374,-0.2497,21.0746
2.2482,50.4758,-0.25,21.0758
2.2502,50.5141,-0.2503,21.077
2.2523,50.5525,-0.2506,21.0781
2.2543,50.5909,-0.251,21.0792
2.2564,50.6293,-0.2513,21.0803
2.2584,50.6676,-0.2516,21.0814
2.2605,50.706,-0.2519,21.0824
2.2625,50.7443,-0.2522,21.0834
2.2646,50.7826,-0.2526,21.0843
2.2666,50.8209,-0.2529,21.0853
2.2687,50.8593,-0.2532,21.0862
2.2707,50.8976,-0.2535,21.087
2.2728,50.9359,-0.2538,21.0879
2.2748,50.9742,-0.2542,21.0887
2.2769,51.0124,-0.2545,21.0894
2.2789,51.0507,-0.2548,21.0902
2.281,51.089,-0.2551,21.0909
2.283,51.1272,-0.2554,21.0916
2.2851,51.1655,-0.2558,21.0922
2.2871,51.2037,-0.2561,21.0928
2.2892,51.242,-0.2564,21.0934
2.2912,51.2802,-0.2567,21.094
2.2933,51.3184,-0.2571,21.0945
2.2953,51.3566,-0.2574,21.095
2.2974,51.3948,-0.2577,21.0955
2.2994,51.433,-0.258,21.0959
2.3015,51.4712,-0.2583,21.0963
2.3035,51.5094,-0.2587,21.0967
2.3056,51.5476,-0.259,21.097
2.3076,51.5858,-0.2593,21.0973
2.3097,51.6239,-0.2596,21.0976
2.3117,51.6621,-0.26,21.0978
2.3138,51.7002,-0.2603,21.098
2.3158,51.7383,-0.2606,21.0982
2.3179,51.7765,-0.2609,21.0984
2.3199,51.8146,-0.2613,21.0985
2.322,51.8527,-0.2616,21.0986
2.324,51.8908,-0.2619,21.0986
2.3261,51.9289,-0.2622,21.0987
2.3281,51.967,-0.2626,21.0987
2.3302,52.0051,-0.2629,21.0986
2.3322,52.0432,-0.2632,21.0986
2.3343,52.0812,-0.2635,21.0985
2.3363,52.1193,-0.2639,21.0983
2.3384,52.1573,-0.2642,21.0982
2.3404,52.1954,-0.2645,21.098
2.3425,52.2334,-0.2648,21.0978
2.3445,52.2714,-0.2652,21.0975
2.3466,52.3095,-0.2655,21.0972
2.3486,52.3475,-0.2658,21.0969
2.3507,52.3855,-0.2661,21.0966
2.3527,52.4235,-0.2665,21.0962
2.3548,52.4615,-0.2668,21.0958
2.3568,52.4995,-0.2671,21.0954
2.3589,52.5374,-0.2674,21.0949
2.3609,52.5754,-0.2678,21.0944
2.363,52.6134,-0.2681,21.0939
2.365,52.6513,-0.2684,21.0933
2.3671,52.6893,-0.2687,21.0927
2.3691,52.7272,-0.2691,21.0921
2.3712,52.7651,-0.2694,21.0914
2.3732,52.8031,-0.2697,21.0908
2.3753,52.841,-0.27,21.09
2.3773,52.8789,-0.2704,21.0893
2.3794,52.9168,-0.2707,21.0885
2.3814,52.9547,-0.271,21.0877
2.3835,52.9926,-0.2714,21.0869
2.3855,53.0305,-0.2717,21.086
2.3876,53.0683,-0.272,21.0851
2.3896,53.1062,-0.2723,21.0842
2.3917,53.1441,-0.2727,21.0832
2.3937,53.1819,-0.273,21.0822
2.3958,53.2198,-0.2733,21.0812
2.3978,53.2576,-0.2737,21.0801
2.3999,53.2954,-0.274,21.0791
2.4019,53.3332,-0.2743,21.0779
2.404,53.3711,-0.2746,21.0768
2.406,53.4089,-0.275,21.0756
2.4081,53.4467,-0.2753,21.0744
2.4101,53.4845,-0.2756,21.0732
2.4122,53.5223,-0.276,21.0719
2.4142,53.56,-0.2763,21.0706
2.4163,53.5978,-0.2766,21.0692
2.4183,53.6356,-0.2769,21.0679
2.4204,53.6733,-0.2773,21.0665
2.4224,53.7111,-0.2776,21.0651
2.4245,53.7488,-0.2779,21.0636
2.4265,53.7866,-0.2783,21.0621
2.4286,53.8243,-0.2786,21.0606
2.4306,53.862,-0.2789,21.0591
2.4327,53.8997,-0.2793,21.0575
2.4347,53.9374,-0.2796,21.0559
2.4368,53.9751,-0.2799,21.0542
2.4388,54.0128,-0.2803,21.0525
2.4409,54.0505,-0.2806,21.0508
2.4429,54.0882,-0.2809,21.0491
2.445,54.1259,-0.2812,21.0473
2.447,54.1635,-0.2816,21.0456
2.4491,54.2012,-0.2819,21.0437
2.4511,54.2389,-0.2822,21.0419
2.4532,54.2765,-0.2826,21.04
2.4552,54.3141,-0.2829,21.0381
2.4573,54.3518,-0.2832,21.0361
2.4593,54.3894,-0.2836,21.0341
2.4614,54.427,-0.2839,21.0321
2.4634,54.4646,-0.2842,21.0301
2.4655,54.5022,-0.2846,21.028
2.4675,54.5398,-0.2849,21.0259
2.4696,54.5774,-0.2852,21.0238
2.4716,54.615,-0.2856,21.0216
2.4737,54.6526,-0.2859,21.0194
2.4757,54.6902,-0.2862,21.0172
2.4778,54.7277,-0.2866,21.0149
2.4798,54.7653,-0.2869,21.0126
2.4819,54.8028,-0.2872,21.0103
2.4839,54.8404,-0.2876,21.008
2.486,54.8779,-0.2879,21.0056
2.488,54.9154,-0.2882,21.0032
2.4901,54.953,-0.2886,21.0007
2.4921,54.9905,-0.2889,20.9983
2.4942,55.028,-0.2892,20.9958
2.4962,55.0655,-0.2896,20.9932
2.4983,55.103,-0.2899,20.9907
2.5003,55.1405,-0.2902,20.9881
2.5024,55.178,-0.2906,20.9854
2.5044,55.2154,-0.2909,20.9828
2.5065,55.2529,-0.2912,20.9801
2.5085,55.2904,-0.2916,20.9774
2.5106,55.3278,-0.2919,20.9746
2.5126,55.3653,-0.2922,20.9718
2.5147,55.4027,-0.2926,20.969
2.5167,55.4402,-0.2929,20.9662
2.5188,55.4776,-0.2932,20.9633
2.5208,55.515,-0.2936,20.9604
2.5229,55.5524,-0.2939,20.9575
2.5249,55.5898,-0.2943,20.9545
2.527,55.6272,-0.2946,20.9515
2.529,55.6646,-0.2949,20.9485
2.5311,55.702,-0.2953,20.9455
2.5331,55.7394,-0.2956,20.9424
2.5352,55.7768,-0.2959,20.9393
2.5372,55.8142,-0.2963,20.9361
2.5393,55.8515,-0.2966,20.9329
2.5413,55.8889,-0.2969,20.9297
2.5434,55.9262,-0.2973,20.9265
2.5454,55.9636,-0.2976,20.9232
2.5475,56.0009,-0.298,20.9199
2.5495,56.0382,-0.2983,20.9166
2.5516,56.0756,-0.2986,20.9132
2.5536,56.1129,-0.299,20.9098
2.5557,56.1502,-0.2993,20.9064
2.5577,56.1875,-0.2996,20.9029
2.5598,56.2248,-0.3,20.8995
2.5618,56.2621,-0.3003,20.8959
2.5639,56.2994,-0.3007,20.8924
2.5659,56.3367,-0.301,20.8888
2.568,56.3739,-0.3013,20.8852
2.57,56.4112,-0.3017,20.8816
2.5721,56.4485,-0.302,20.8779
2.5741,56.4857,-0.3024,20.8742
2.5762,56.523,-0.3027,20.8705
2.5782,56.5602,-0.303,20.8667
2.5803,56.5974,-0.3034,20.8629
2.5823,56.6347,-0.3037,20.8591
2.5844,56.6719,-0.304,20.8553
2.5864,56.7091,-0.3044,20.8514
2.5885,56.7463,-0.3047,20.8475
2.5905,56.7835,-0.3051,20.8435
2.5926,56.8207,-0.3054,20.8396
2.5946,56.8579,-0.3057,20.8356
2.5967,56.8951,-0.3061,20.8315
2.5987,56.9323,-0.3064,20.8275
2.6008,56.9695,-0.3068,20.8234
2.6028,57.0066,-0.3071,20.8192
2.6049,57.0438,-0.3074,20.8151
2.6069,57.0809,-0.3078,20.8109
2.609,57.1181,-0.3081,20.8067
2.611,57.1552,-0.3085,20.8024
2.6131,57.1924,-0.3088,20.7981
2.6151,57.2295,-0.3091,20.7938
2.6172,57.2666,-0.3095,20.7895
2.6192,57.3037,-0.3098,20.7851
2.6213,57.3409,-0.3102,20.7807
2.6233,57.378,-0.3105,20.7763
2.6254,57.4151,-0.3109,20.7718
2.6274,57.4522,-0.3112,20.7673
2.6295,57.4892,-0.3115,20.7628
2.6315,57.5263,-0.3119,20.7583
2.6336,57.5634,-0.3122,20.7537
2.6356,57.6005,-0.3126,20.7491
2.6377,57.6375,-0.3129,20.7444
2.6397,57.6746,-0.3132,20.7398
2.6418,57.7116,-0.3136,20.735
2.6438,57.7487,-0.3139,20.7303
2.6459,57.7857,-0.3143,20.7255
2.6479,57.8228,-0.3146,20.7207
2.65,57.8598,-0.315,20.7159
2.652,57.8968,-0.3153,20.7111
2.6541,57.9338,-0.3156,20.7062
2.6561,57.9708,-0.316,20.7013
2.6582,58.0078,-0.3163,20.6963
2.6602,58.0448,-0.3167,20.6913
2.6623,58.0818,-0.317,20.6863
2.6643,58.1188,-0.3174,20.6813
2.6664,58.1558,-0.3177,20.6762
2.6684,58.1928,-0.318,20.6711
2.6705,58.2297,-0.3184,20.666
2.6725,58.2667,-0.3187,20.6608
2.6746,58.3037,-0.3191,20.6556
2.6766,58.3406,-0.3194,20.6504
2.6787,58.3776,-0.3198,20.6451
2.6807,58.4145,-0.3201,20.6399
2.6828,58.4514,-0.3205,20.6346
2.6848,58.4884,-0.3208,20.6292
2.6869,58.5253,-0.3211,20.6238
2.6889,58.5622,-0.3215,20.6184
2.691,58.5991,-0.3218,20.613
2.693,58.636,-0.3222,20.6075
2.6951,58.6729,-0.3225,20.602
2.6971,58.7098,-0.3229,20.5965
2.6992,58.7467,-0.3232,20.591
2.7012,58.7836,-0.3236,20.5854
2.7033,58.8204,-0.3239,20.5797
2.7053,58.8573,-0.3243,20.5741
2.7074,58.8942,-0.3246,20.5684
2.7094,58.931,-0.3249,20.5627
2.7115,58.9679,-0.3253,20.557
2.7135,59.0047,-0.3256,20.5512
2.7156,59.0416,-0.326,20.5454
2.7176,59.0784,-0.3263,20.5396
2.7197,59.1152,-0.3267,20.5337
2.7217,59.1521,-0.327,20.5278
2.7238,59.1889,-0.3274,20.5219
2.7258,59.2257,-0.3277,20.516
2.7279,59.2625,-0.3281,20.51
2.7299,59.2993,-0.3284,20.504
2.732,59.3361,-0.3288,20.4979
2.734,59.3729,-0.3291,20.4919
2.7361,59.4097,-0.3294,20.4858
2.7381,59.4465,-0.3298,20.4796
2.7402,59.4832,-0.3301,20.4735
2.7422,59.52,-0.3305,20.4673
2.7443,59.5568,-0.3308,20.461
2.7463,59.5935,-0.3312,20.4548
2.7484,59.6303,-0.3315,20.4485
2.7504,59.667,-0.3319,20.4422
2.7525,59.7038,-0.3322,20.4358
2.7545,59.7405,-0.3326,20.4295
2.7566,59.7772,-0.3329,20.4231
2.7586,59.814,-0.3333,20.4166
2.7607,59.8507,-0.3336,20.4102
2.7627,59.8874,-0.334,20.4037
2.7648,59.9241,-0.3343,20.3972
2.7668,59.9608,-0.3347,20.3906
2.7689,59.9975,-0.335,20.384
2.7709,60.0342,-0.3354,20.3774
2.773,60.0709,-0.3357,20.3707
2.775,60.1076,-0.3361,20.3641
2.7771,60.1442,-0.3364,20.3574
2.7791,60.1809,-0.3368,20.3506
2.7812,60.2176,-0.3371,20.3439
2.7832,60.2542,-0.3375,20.3371
2.7853,60.2909,-0.3378,20.3302
2.7873,60.3275,-0.3382,20.3234
2.7894,60.3642,-0.3385,20.3165
2.7914,60.4008,-0.3389,20.3096
2.7935,60.4374,-0.3392,20.3026
2.7955,60.4741,-0.3396,20.2956
2.7976,60.5107,-0.3399,20.2886
2.7996,60.5473,-0.3403,20.2816
2.8017,60.5839,-0.3406,20.2745
2.8037,60.6205,-0.341,20.2674
2.8058,60.6571,-0.3413,20.2603
2.8078,60.6937,-0.3417,20.2531
2.8099,60.7303,-0.342,20.246
2.8119,60.7669,-0.3424,20.2387
2.814,60.8035,-0.3427,20.2315
2.816,60.8401,-0.3431,20.2242
2.8181,60.8766,-0.3434,20.2169
2.8201,60.9132,-0.3438,20.2096
2.8222,60.9497,-0.3441,20.2022
2.8242,60.9863,-0.3445,20.1948
2.8263,61.0229,-0.3448,20.1874
2.8283,61.0594,-0.3452,20.1799
2.8304,61.0959,-0.3455,20.1724
2.8324,61.1325,-0.3459,20.1649
2.8345,61.169,-0.3462,20.1573
2.8365,61.2055,-0.3466,20.1498
2.8386,61.242,-0.3469,20.1421
2.8406,61.2785,-0.3473,20.1345
2.8427,61.3151,-0.3477,20.1268
2.8447,61.3516,-0.348,20.1191
2.8468,61.3881,-0.3484,20.1114
2.8488,61.4245,-0.3487,20.1036
2.8509,61.461,-0.3491,20.0959
2.8529,61.4975,-0.3494,20.088
2.855,61.534,-0.3498,20.0802
2.857,61.5705,-0.3501,20.0723
2.8591,61.6069,-0.3505,20.0644
2.8611,61.6434,-0.3508,20.0564
2.8632,61.6799,-0.3512,20.0485
2.8652,61.7163,-0.3515,20.0405
2.8673,61.7527,-0.3519,20.0324
2.8693,61.7892,-0.3522,20.0244
2.8714,61.8256,-0.3526,20.0163
2.8734,61.8621,-0.353,20.0082
2.8755,61.8985,-0.3533,20.0
2.8775,61.9349,-0.3537,19.9918
2.8796,61.9713,-0.354,19.9836
2.8816,62.0077,-0.3544,19.9754
2.8837,62.0441,-0.3547,19.9671
2.8857,62.0805,-0.3551,19.9588
2.8878,62.1169,-0.3554,19.9505
2.8898,62.1533,-0.3558,19.9421
2.8919,62.1897,-0.3561,19.9337
2.8939,62.2261,-0.3565,19.9253
2.896,62.2625,-0.3569,19.9169
2.898,62.2989,-0.3572,19.9084
2.9001,62.3352,-0.3576,19.8999
2.9021,62.3716,-0.3579,19.8913
2.9042,62.4079,-0.3583,19.8827
2.9062,62.4443,-0.3586,19.8741
2.9083,62.4806,-0.359,19.8655
2.9103,62.517,-0.3593,19.8569
2.9124,62.5533,-0.3597,19.8482
2.9144,62.5897,-0.3601,19.8394
2.9165,62.626,-0.3604,19.8307
2.9185,62.6623,-0.3608,19.8219
2.9206,62.6986,-0.3611,19.8131
2.9226,62.7349,-0.3615,19.8043
2.9247,62.7713,-0.3618,19.7954
2.9267,62.8076,-0.3622,19.7865
2.9288,62.8439,-0.3626,19.7776
2.9308,62.8802,-0.3629,19.7686
2.9329,62.9164,-0.3633,19.7596
2.9349,62.9527,-0.3636,19.7506
2.937,62.989,-0.364,19.7415
2.939,63.0253,-0.3643,19.7325
2.9411,63.0616,-0.3647,19.7234
2.9431,63.0978,-0.3651,19.7142
2.9452,63.1341,-0.3654,19.705
2.9472,63.1704,-0.3658,19.6958
2.9493,63.2066,-0.3661,19.6866
2.9513,63.2429,-0.3665,19.6774
2.9534,63.2791,-0.3668,19.6681
2.9554,63.3153,-0.3672,19.6588
2.9575,63.3516,-0.3676,19.6494
2.9595,63.3878,-0.3679,19.64
2.9616,63.424,-0.3683,19.6306
2.9636,63.4602,-0.3686,19.6212
2.9657,63.4965,-0.369,19.6117
2.9677,63.5327,-0.3694,19.6022
2.9698,63.5689,-0.3697,19.5927
2.9718,63.6051,-0.3701,19.5831
2.9739,63.6413,-0.3704,19.5735
2.9759,63.6775,-0.3708,19.5639
2.978,63.7137,-0.3712,19.5543
2.98,63.7498,-0.3715,19.5446
2.9821,63.786,-0.3719,19.5349
2.9841,63.8222,-0.3722,19.5252
2.9862,63.8584,-0.3726,19.5154
2.9882,63.8945,-0.373,19.5056
2.9903,63.9307,-0.3733,19.4958
2.9923,63.9669,-0.3737,19.4859
2.9944,64.003,-0.374,19.476
2.9964,64.0392,-0.3744,19.4661
2.9985,64.0753,-0.3748,19.4562
3.0005,64.1114,-0.3751,19.4462
3.0026,64.1476,-0.3755,19.4362
3.0046,64.1837,-0.3758,19.4262
3.0067,64.2198,-0.3762,19.4161
3.0087,64.2559,-0.3766,19.406
3.0108,64.2921,-0.3769,19.3959
3.0128,64.3282,-0.3773,19.3857
3.0149,64.3643,-0.3776,19.3756
3.0169,64.4004,-0.378,19.3654
3.019,64.4365,-0.3784,19.3551
3.021,64.4726,-0.3787,19.3448
3.0231,64.5087,-0.3791,19.3345
3.0251,64.5448,-0.3794,19.3242
3.0272,64.5808,-0.3798,19.3138
3.0292,64.6169,-0.3802,19.3035
3.0313,64.653,-0.3805,19.293
3.0333,64.689,-0.3809,19.2826
3.0354,64.7251,-0.3813,19.2721
3.0374,64.7612,-0.3816,19.2616
3.0395,64.7972,-0.382,19.2511
3.0415,64.8333,-0.3823,19.2405
3.0436,64.8693,-0.3827,19.2299
3.0456,64.9054,-0.3831,19.2193
3.0477,64.9414,-0.3834,19.2086
3.0497,64.9774,-0.3838,19.1979
3.0518,65.0135,-0.3842,19.1872
3.0538,65.0495,-0.3845,19.1765
3.0559,65.0855,-0.3849,19.1657
3.0579,65.1215,-0.3852,19.1549
3.06,65.1575,-0.3856,19.1441
3.062,65.1935,-0.386,19.1332
3.0641,65.2296,-0.3863,19.1223
3.0661,65.2656,-0.3867,19.1114
3.0682,65.3015,-0.3871,19.1004
3.0702,65.3375,-0.3874,19.0894
3.0723,65.3735,-0.3878,19.0784
3.0743,65.4095,-0.3882,19.0674
3.0764,65.4455,-0.3885,19.0563
3.0784,65.4815,-0.3889,19.0452
3.0805,65.5174,-0.3892,19.0341
3.0825,65.5534,-0.3896,19.0229
3.0846,65.5894,-0.39,19.0117
3.0866,65.6253,-0.3903,19.0005
3.0887,65.6613,-0.3907,18.9893
3.0907,65.6972,-0.3911,18.978
3.0928,65.7332,-0.3914,18.9667
3.0948,65.7691,-0.3918,18.9553
3.0969,65.805,-0.3922,18.944
3.0989,65.841,-0.3925,18.9326
3.101,65.8769,-0.3929,18.9212
3.103,65.9128,-0.3933,18.9097
3.1051,65.9487,-0.3936,18.8982
3.1071,65.9847,-0.394,18.8867
3.1092,66.0206,-0.3943,18.8752
3.1112,66.0565,-0.3947,18.8636
3.1133,66.0924,-0.3951,18.852
3.1153,66.1283,-0.3954,18.8403
3.1174,66.1642,-0.3958,18.8287
3.1194,66.2001,-0.3962,18.817
3.1215,66.236,-0.3965,18.8053
3.1235,66.2718,-0.3969,18.7935
3.1256,66.3077,-0.3973,18.7817
3.1276,66.3436,-0.3976,18.7699
3.1297,66.3795,-0.398,18.7581
3.1317,66.4153,-0.3984,18.7462
3.1338,66.4512,-0.3987,18.7343
3.1358,66.4871,-0.3991,18.7224
3.1379,66.5229,-0.3995,18.7104
3.1399,66.5588,-0.3998,18.6985
3.142,66.5946,-0.4002,18.6864
3.144,66.6305,-0.4006,18.6744
3.1461,66.6663,-0.4009,18.6623
3.1481,66.7021,-0.4013,18.6502
3.1502,66.738,-0.4017,18.6381
3.1522,66.7738,-0.402,18.6259
3.1543,66.8096,-0.4024,18.6137
3.1563,66.8454,-0.4028,18.6015
3.1584,66.8813,-0.4031,18.5893
3.1604,66.9171,-0.4035,18.577
3.1625,66.9529,-0.4039,18.5647
3.1645,66.9887,-0.4042,18.5523
3.1666,67.0245,-0.4046,18.54
3.1686,67.0603,-0.405,18.5276
3.1707,67.0961,-0.4054,18.5151
3.1727,67.1319,-0.4057,18.5027
3.1748,67.1677,-0.4061,18.4902
3.1768,67.2034,-0.4065,18.4777
3.1789,67.2392,-0.4068,18.4651
3.1809,67.275,-0.4072,18.4526
3.183,67.3108,-0.4076,18.44
3.185,67.3465,-0.4079,18.4273
3.1871,67.3823,-0.4083,18.4147
3.1891,67.418,-0.4087,18.402
3.1912,67.4538,-0.409,18.3893
3.1932,67.4896,-0.4094,18.3765
3.1953,67.5253,-0.4098,18.3637
3.1973,67.561,-0.4101,18.3509
3.1994,67.5968,-0.4105,18.3381
3.2014,67.6325,-0.4109,18.3252
3.2035,67.6683,-0.4113,18.3123
3.2055,67.704,-0.4116,18.2994
3.2076,67.7397,-0.412,18.2864
3.2096,67.7754,-0.4124,18.2734
3.2117,67.8111,-0.4127,18.2604
3.2137,67.8469,-0.4131,18.2474
3.2158,67.8826,-0.4135,18.2343
3.2178,67.9183,-0.4138,18.2212
3.2199,67.954,-0.4142,18.2081
3.2219,67.9897,-0.4146,18.1949
3.224,68.0254,-0.415,18.1817
3.226,68.0611,-0.4153,18.1685
3.2281,68.0968,-0.4157,18.1553
3.2301,68.1324,-0.4161,18.142
3.2322,68.1681,-0.4164,18.1287
3.2342,68.2038,-0.4168,18.1154
3.2363,68.2395,-0.4172,18.102
3.2383,68.2751,-0.4175,18.0886
3.2404,68.3108,-0.4179,18.0752
3.2424,68.3465,-0.4183,18.0617
3.2445,68.3821,-0.4187,18.0482
3.2465,68.4178,-0.419,18.0347
3.2486,68.4534,-0.4194,18.0212
3.2506,68.4891,-0.4198,18.0076
3.2527,68.5247,-0.4201,17.994
3.2547,68.5604,-0.4205,17.9804
3.2568,68.596,-0.4209,17.9667
3.2588,68.6316,-0.4213,17.9531
3.2609,68.6673,-0.4216,17.9393
3.2629,68.7029,-0.422,17.9256
3.265,68.7385,-0.4224,17.9118
3.267,68.7741,-0.4228,17.898
3.2691,68.8098,-0.4231,17.8842
3.2711,68.8454,-0.4235,17.8703
3.2732,68.881,-0.4239,17.8564
3.2752,68.9166,-0.4242,17.8425
3.2773,68.9522,-0.4246,17.8286
3.2793,68.9878,-0.425,17.8146
3.2814,69.0234,-0.4254,17.8006
3.2834,69.059,-0.4257,17.7866
3.2855,69.0946,-0.4261,17.7725
3.2875,69.1302,-0.4265,17.7584
3.2896,69.1657,-0.4269,17.7443
3.2916,69.2013,-0.4272,17.7301
3.2937,69.2369,-0.4276,17.7159
3.2957,69.2725,-0.428,17.7017
3.2978,69.308,-0.4283,17.6875
3.2998,69.3436,-0.4287,17.6732
3.3019,69.3792,-0.4291,17.6589
3.3039,69.4147,-0.4295,17.6446
3.306,69.4503,-0.4298,17.6302
3.308,69.4858,-0.4302,17.6159
3.3101,69.5214,-0.4306,17.6014
3.3121,69.5569,-0.431,17.587
3.3142,69.5925,-0.4313,17.5725
3.3162,69.628,-0.4317,17.558
3.3183,69.6635,-0.4321,17.5435
3.3203,69.6991,-0.4325,17.5289
3.3224,69.7346,-0.4328,17.5144
3.3244,69.7701,-0.4332,17.4997
3.3265,69.8056,-0.4336,17.4851
3.3285,69.8411,-0.434,17.4704
3.3306,69.8767,-0.4343,17.4557
3.3326,69.9122,-0.4347,17.441
3.3347,69.9477,-0.4351,17.4262
3.3367,69.9832,-0.4355,17.4114
3.3388,70.0187,-0.4358,17.3966
3.3408,70.0542,-0.4362,17.3818
3.3429,70.0897,-0.4366,17.3669
3.3449,70.1252,-0.437,17.352
3.347,70.1606,-0.4373,17.3371
3.349,70.1961,-0.4377,17.3221
3.3511,70.2316,-0.4381,17.3071
3.3531,70.2671,-0.4385,17.2921
3.3552,70.3026,-0.4388,17.277
3.3572,70.338,-0.4392,17.2619
3.3593,70.3735,-0.4396,17.2468
3.3613,70.409,-0.44,17.2317
3.3634,70.4444,-0.4403,17.2165
3.3654,70.4799,-0.4407,17.2013
3.3675,70.5153,-0.4411,17.1861
3.3695,70.5508,-0.4415,17.1709
3.3716,70.5862,-0.4418,17.1556
3.3736,70.6217,-0.4422,17.1403
3.3757,70.6571,-0.4426,17.1249
3.3777,70.6926,-0.443,17.1096
3.3798,70.728,-0.4434,17.0942
3.3818,70.7634,-0.4437,17.0787
3.3839,70.7989,-0.4441,17.0633
3.3859,70.8343,-0.4445,17.0478
3.388,70.8697,-0.4449,17.0323
3.39,70.9051,-0.4452,17.0167
3.3921,70.9406,-0.4456,17.0012
3.3941,70.976,-0.446,16.9856
3.3962,71.0114,-0.4464,16.9699
3.3982,71.0468,-0.4468,16.9543
3.4003,71.0822,-0.4471,16.9386
3.4023,71.1176,-0.4475,16.9229
3.4044,71.153,-0.4479,16.9071
3.4064,71.1884,-0.4483,16.8914
3.4085,71.2238,-0.4486,16.8756
3.4105,71.2592,-0.449,16.8597
3.4126,71.2946,-0.4494,16.8439
3.4146,71.33,-0.4498,16.828
3.4167,71.3653,-0.4502,16.8121
3.4187,71.4007,-0.4505,16.7961
3.4208,71.4361,-0.4509,16.7802
3.4228,71.4715,-0.4513,16.7642
3.4249,71.5068,-0.4517,16.7481
3.4269,71.5422,-0.452,16.7321
3.429,71.5775,-0.4524,16.716
3.431,71.6129,-0.4528,16.6999
3.4331,71.6483,-0.4532,16.6837
3.4351,71.6836,-0.4536,16.6675
3.4372,71.719,-0.4539,16.6513
3.4392,71.7543,-0.4543,16.6351
3.4413,71.7897,-0.4547,16.6188
3.4433,71.825,-0.4551,16.6026
3.4454,71.8603,-0.4555,16.5862
3.4474,71.8957,-0.4558,16.5699
3.4495,71.931,-0.4562,16.5535
3.4515,71.9663,-0.4566,16.5371
3.4536,72.0017,-0.457,16.5207
3.4556,72.037,-0.4574,16.5042
3.4577,72.0723,-0.4577,16.4877
3.4597,72.1076,-0.4581,16.4712
3.4618,72.1429,-0.4585,16.4547
3.4638,72.1783,-0.4589,16.4381
3.4659,72.2136,-0.4593,16.4215
3.4679,72.2489,-0.4596,16.4048
3.47,72.2842,-0.46,16.3882
3.472,72.3195,-0.4604,16.3715
3.4741,72.3548,-0.4608,16.3548
3.4761,72.3901,-0.4612,16.338
3.4782,72.4254,-0.4615,16.3212
3.4802,72.4606,-0.4619,16.3044
3.4823,72.4959,-0.4623,16.2876
3.4843,72.5312,-0.4627,16.2707
3.4864,72.5665,-0.4631,16.2539
3.4884,72.6018,-0.4634,16.2369
3.4905,72.637,-0.4638,16.22
3.4925,72.6723,-0.4642,16.203
3.4946,72.7076,-0.4646,16.186
3.4966,72.7428,-0.465,16.169
3.4987,72.7781,-0.4653,16.1519
3.5007,72.8134,-0.4657,16.1348
3.5028,72.8486,-0.4661,16.1177
3.5048,72.8839,-0.4665,16.1005
3.5069,72.9191,-0.4669,16.0834
3.5089,72.9544,-0.4673,16.0662
3.511,72.9896,-0.4676,16.0489
3.513,73.0249,-0.468,16.0317
3.5151,73.0601,-0.4684,16.0144
3.5171,73.0954,-0.4688,15.9971
3.5192,73.1306,-0.4692,15.9797
3.5212,73.1658,-0.4695,15.9623
3.5233,73.2011,-0.4699,15.9449
3.5253,73.2363,-0.4703,15.9275
3.5274,73.2715,-0.4707,15.91
3.5294,73.3067,-0.4711,15.8925
3.5315,73.3419,-0.4715,15.875
3.5335,73.3772,-0.4718,15.8575
3.5356,73.4124,-0.4722,15.8399
3.5376,73.4476,-0.4726,15.8223
3.5397,73.4828,-0.473,15.8047
3.5417,73.518,-0.4734,15.787
3.5438,73.5532,-0.4738,15.7693
3.5458,73.5884,-0.4741,15.7516
3.5479,73.6236,-0.4745,15.7339
3.5499,73.6588,-0.4749,15.7161
3.552,73.694,-0.4753,15.6983
3.554,73.7292,-0.4757,15.6804
3.5561,73.7644,-0.4761,15.6626
3.5581,73.7996,-0.4764,15.6447
3.5602,73.8347,-0.4768,15.6268
3.5622,73.8699,-0.4772,15.6088
3.5643,73.9051,-0.4776,15.5909
3.5663,73.9403,-0.478,15.5729
3.5684,73.9754,-0.4784,15.5548
3.5704,74.0106,-0.4787,15.5368
3.5725,74.0458,-0.4791,15.5187
3.5745,74.0809,-0.4795,15.5006
3.5766,74.1161,-0.4799,15.4824
3.5786,74.1512,-0.4803,15.4643
3.5807,74.1864,-0.4807,15.4461
3.5827,74.2216,-0.4811,15.4278
3.5848,74.2567,-0.4814,15.4096
3.5868,74.2919,-0.4818,15.3913
3.5889,74.327,-0.4822,15.373
3.5909,74.3621,-0.4826,15.3546
3.593,74.3973,-0.483,15.3363
3.595,74.4324,-0.4834,15.3179
3.5971,74.4676,-0.4837,15.2994
3.5991,74.5027,-0.4841,15.281
3.6012,74.5378,-0.4845,15.2625
3.6032,74.5729,-0.4849,15.244
3.6053,74.6081,-0.4853,15.2254
3.6073,74.6432,-0.4857,15.2069
3.6094,74.6783,-0.4861,15.1883
3.6114,74.7134,-0.4864,15.1697
3.6135,74.7486,-0.4868,15.151
3.6155,74.7837,-0.4872,15.1323
3.6176,74.8188,-0.4876,15.1136
3.6196,74.8539,-0.488,15.0949
3.6217,74.889,-0.4884,15.0761
3.6237,74.9241,-0.4888,15.0573
3.6258,74.9592,-0.4891,15.0385
3.6278,74.9943,-0.4895,15.0196
3.6299,75.0294,-0.4899,15.0008
3.6319,75.0645,-0.4903,14.9819
3.634,75.0996,-0.4907,14.9629
3.636,75.1347,-0.4911,14.944
3.6381,75.1697,-0.4915,14.925
3.6401,75.2048,-0.4918,14.906
3.6422,75.2399,-0.4922,14.8869
3.6442,75.275,-0.4926,14.8678
3.6463,75.3101,-0.493,14.8487
3.6483,75.3451,-0.4934,14.8296
3.6504,75.3802,-0.4938,14.8104
3.6524,75.4153,-0.4942,14.7912
3.6545,75.4503,-0.4946,14.772
3.6565,75.4854,-0.4949,14.7528
3.6586,75.5205,-0.4953,14.7335
3.6606,75.5555,-0.4957,14.7142
3.6627,75.5906,-0.4961,14.6949
3.6647,75.6256,-0.4965,14.6755
3.6668,75.6607,-0.4969,14.6561
3.6688,75.6957,-0.4973,14.6367
3.6709,75.7308,-0.4977,14.6173
3.6729,75.7658,-0.498,14.5978
3.675,75.8009,-0.4984,14.5783
3.677,75.8359,-0.4988,14.5588
3.6791,75.871,-0.4992,14.5392
3.6811,75.906,-0.4996,14.5197
3.6832,75.941,-0.5,14.5001
3.6852,75.9761,-0.5004,14.4804
3.6873,76.0111,-0.5008,14.4608
3.6893,76.0461,-0.5011,14.4411
3.6914,76.0811,-0.5015,14.4213
3.6934,76.1162,-0.5019,14.4016
3.6955,76.1512,-0.5023,14.3818
3.6975,76.1862,-0.5027,14.362
3.6996,76.2212,-0.5031,14.3422
3.7016,76.2562,-0.5035,14.3223
3.7037,76.2912,-0.5039,14.3024
3.7057,76.3262,-0.5043,14.2825
3.7078,76.3613,-0.5046,14.2626
3.7098,76.3963,-0.505,14.2426
3.7119,76.4313,-0.5054,14.2226
3.7139,76.4663,-0.5058,14.2026
3.716,76.5013,-0.5062,14.1825
3.718,76.5363,-0.5066,14.1624
3.7201,76.5712,-0.507,14.1423
3.7221,76.6062,-0.5074,14.1222
3.7242,76.6412,-0.5078,14.102
3.7262,76.6762,-0.5081,14.0818
3.7283,76.7112,-0.5085,14.0616
3.7303,76.7462,-0.5089,14.0413
3.7324,76.7812,-0.5093,14.021
3.7344,76.8161,-0.5097,14.0007
3.7365,76.8511,-0.5101,13.9804
3.7385,76.8861,-0.5105,13.96
3.7406,76.9211,-0.5109,13.9396
3.7426,76.956,-0.5113,13.9192
3.7447,76.991,-0.5117,13.8988
3.7467,77.026,-0.512,13.8783
3.7488,77.0609,-0.5124,13.8578
3.7508,77.0959,-0.5128,13.8373
3.7529,77.1308,-0.5132,13.8167
3.7549,77.1658,-0.5136,13.7961
3.757,77.2008,-0.514,13.7755
3.759,77.2357,-0.5144,13.7549
3.7611,77.2707,-0.5148,13.7342
3.7631,77.3056,-0.5152,13.7135
3.7652,77.3406,-0.5156,13.6928
3.7672,77.3755,-0.5159,13.672
3.7693,77.4104,-0.5163,13.6512
3.7713,77.4454,-0.5167,13.6304
3.7734,77.4803,-0.5171,13.6096
3.7754,77.5153,-0.5175,13.5887
3.7775,77.5502,-0.5179,13.5678
3.7795,77.5851,-0.5183,13.5469
3.7816,77.62,-0.5187,13.526
3.7836,77.655,-0.5191,13.505
3.7857,77.6899,-0.5195,13.484
3.7877,77.7248,-0.5199,13.463
3.7898,77.7597,-0.5202,13.4419
3.7918,77.7947,-0.5206,13.4208
3.7939,77.8296,-0.521,13.3997
3.7959,77.8645,-0.5214,13.3786
3.798,77.8994,-0.5218,13.3574
3.8,77.9343,-0.5222,13.3362
3.8021,77.9692,-0.5226,13.315
3.8041,78.0041,-0.523,13.2937
3.8062,78.039,-0.5234,13.2724
3.8082,78.0739,-0.5238,13.2511
3.8103,78.1088,-0.5242,13.2298
3.8123,78.1437,-0.5246,13.2084
3.8144,78.1786,-0.525,13.187
3.8164,78.2135,-0.5253,13.1656
3.8185,78.2484,-0.5257,13.1442
3.8205,78.2833,-0.5261,13.1227
3.8226,78.3182,-0.5265,13.1012
3.8246,78.3531,-0.5269,13.0797
3.8267,78.388,-0.5273,13.0581
3.8287,78.4229,-0.5277,13.0365
3.8308,78.4577,-0.5281,13.0149
3.8328,78.4926,-0.5285,12.9933
3.8349,78.5275,-0.5289,12.9716
3.8369,78.5624,-0.5293,12.9499
3.839,78.5973,-0.5297,12.9282
3.841,78.6321,-0.5301,12.9065
3.8431,78.667,-0.5305,12.8847
3.8451,78.7019,-0.5308,12.8629
3.8472,78.7367,-0.5312,12.841
3.8492,78.7716,-0.5316,12.8192
3.8513,78.8065,-0.532,12.7973
3.8533,78.8413,-0.5324,12.7754
3.8554,78.8762,-0.5328,12.7534
3.8574,78.911,-0.5332,12.7315
3.8595,78.9459,-0.5336,12.7095
3.8615,78.9807,-0.534,12.6875
3.8636,79.0156,-0.5344,12.6654
3.8656,79.0504,-0.5348,12.6433
3.8677,79.0853,-0.5352,12.6212
3.8697,79.1201,-0.5356,12.5991
3.8718,79.155,-0.536,12.5769
3.8738,79.1898,-0.5364,12.5547
3.8759,79.2247,-0.5368,12.5325
3.8779,79.2595,-0.5371,12.5103
3.88,79.2943,-0.5375,12.488
3.882,79.3292,-0.5379,12.4657
3.8841,79.364,-0.5383,12.4434
3.8861,79.3988,-0.5387,12.421
3.8882,79.4337,-0.5391,12.3986
3.8902,79.4685,-0.5395,12.3762
3.8923,79.5033,-0.5399,12.3538
3.8943,79.5381,-0.5403,12.3313
3.8964,79.573,-0.5407,12.3088
3.8984,79.6078,-0.5411,12.2863
3.9005,79.6426,-0.5415,12.2638
3.9025,79.6774,-0.5419,12.2412
3.9046,79.7122,-0.5423,12.2186
3.9066,79.7471,-0.5427,12.196
3.9087,79.7819,-0.5431,12.1733
3.9107,79.8167,-0.5435,12.1506
3.9128,79.8515,-0.5439,12.1279
3.9148,79.8863,-0.5443,12.1052
3.9169,79.9211,-0.5446,12.0824
3.9189,79.9559,-0.545,12.0596
3.921,79.9907,-0.5454,12.0368
3.923,80.0255,-0.5458,12.014
3.9251,80.0603,-0.5462,11.9911
3.9271,80.0951,-0.5466,11.9682
3.9292,80.1299,-0.547,11.9453
3.9312,80.1647,-0.5474,11.9223
3.9333,80.1995,-0.5478,11.8993
3.9353,80.2343,-0.5482,11.8763
3.9374,80.269,-0.5486,11.8533
3.9394,80.3038,-0.549,11.8302
3.9415,80.3386,-0.5494,11.8071
3.9435,80.3734,-0.5498,11.784
3.9456,80.4082,-0.5502,11.7609
3.9476,80.443,-0.5506,11.7377
3.9497,80.4777,-0.551,11.7145
3.9517,80.5125,-0.5514,11.6913
3.9538,80.5473,-0.5518,11.668
3.9558,80.5821,-0.5522,11.6447
3.9579,80.6168,-0.5526,11.6214
3.9599,80.6516,-0.553,11.5981
3.962,80.6864,-0.5534,11.5747
3.964,80.7211,-0.5538,11.5513
3.9661,80.7559,-0.5542,11.5279
3.9681,80.7907,-0.5546,11.5045
3.9702,80.8254,-0.5549,11.481
3.9722,80.8602,-0.5553,11.4575
3.9743,80.8949,-0.5557,11.434
3.9763,80.9297,-0.5561,11.4104
3.9784,80.9645,-0.5565,11.3868
3.9804,80.9992,-0.5569,11.3632
3.9825,81.034,-0.5573,11.3396
3.9845,81.0687,-0.5577,11.3159
3.9866,81.1035,-0.5581,11.2922
3.9886,81.1382,-0.5585,11.2685
3.9907,81.1729,-0.5589,11.2448
3.9927,81.2077,-0.5593,11.221
3.9948,81.2424,-0.5597,11.1972
3.9968,81.2772,-0.5601,11.1734
3.9989,81.3119,-0.5605,11.1495
4.0009,81.3467,-0.5609,11.1257
4.003,81.3814,-0.5613,11.1018
4.005,81.4161,-0.5617,11.0778
4.0071,81.4509,-0.5621,11.0539
4.0091,81.4856,-0.5625,11.0299
4.0112,81.5203,-0.5629,11.0059
4.0132,81.555,-0.5633,10.9818
4.0153,81.5898,-0.5637,10.9578
4.0173,81.6245,-0.5641,10.9337
4.0194,81.6592,-0.5645,10.9095
4.0214,81.6939,-0.5649,10.8854
4.0235,81.7287,-0.5653,10.8612
4.0255,81.7634,-0.5657,10.837
4.0276,81.7981,-0.5661,10.8128
4.0296,81.8328,-0.5665,10.7885
4.0317,81.8675,-0.5669,10.7642
4.0337,81.9022,-0.5673,10.7399
4.0358,81.937,-0.5677,10.7156
4.0378,81.9717,-0.5681,10.6912
4.0399,82.0064,-0.5685,10.6668
4.0419,82.0411,-0.5689,10.6424
4.044,82.0758,-0.5693,10.618
4.046,82.1105,-0.5697,10.5935
4.0481,82.1452,-0.5701,10.569
4.0501,82.1799,-0.5705,10.5445
4.0522,82.2146,-0.5709,10.5199
4.0542,82.2493,-0.5713,10.4954
4.0563,82.284,-0.5717,10.4708
4.0583,82.3187,-0.5721,10.4461
4.0604,82.3534,-0.5725,10.4215
4.0624,82.3881,-0.5729,10.3968
4.0645,82.4228,-0.5733,10.3721
4.0665,82.4575,-0.5737,10.3473
4.0686,82.4921,-0.5741,10.3226
4.0706,82.5268,-0.5745,10.2978
4.0727,82.5615,-0.5749,10.2729
4.0747,82.5962,-0.5753,10.2481
4.0768,82.6309,-0.5757,10.2232
4.0788,82.6656,-0.5761,10.1983
4.0809,82.7003,-0.5765,10.1734
4.0829,82.7349,-0.5769,10.1484
4.085,82.7696,-0.5773,10.1235
4.087,82.8043,-0.5777,10.0985
4.0891,82.839,-0.5781,10.0734
4.0911,82.8736,-0.5785,10.0484
4.0932,82.9083,-0.5789,10.0233
4.0952,82.943,-0.5793,9.9982
4.0973,82.9776,-0.5797,9.973
4.0993,83.0123,-0.5801,9.9479
4.1014,83.047,-0.5805,9.9227
4.1034,83.0816,-0.5809,9.8974
4.1055,83.1163,-0.5813,9.8722
4.1075,83.151,-0.5817,9.8469
4.1096,83.1856,-0.5821,9.8216
4.1116,83.2203,-0.5825,9.7963
4.1137,83.255,-0.5829,9.7709
4.1157,83.2896,-0.5833,9.7455
4.1178,83.3243,-0.5837,9.7201
4.1198,83.3589,-0.5841,9.6947
4.1219,83.3936,-0.5845,9.6692
4.1239,83.4282,-0.5849,9.6438
4.126,83.4629,-0.5853,9.6182
4.128,83.4975,-0.5857,9.5927
4.1301,83.5322,-0.5861,9.5671
4.1321,83.5668,-0.5865,9.5415
4.1342,83.6015,-0.5869,9.5159
4.1362,83.6361,-0.5873,9.4903
4.1383,83.6708,-0.5877,9.4646
4.1403,83.7054,-0.5881,9.4389
4.1424,83.74,-0.5885,9.4132
4.1444,83.7747,-0.5889,9.3874
4.1465,83.8093,-0.5893,9.3616
4.1485,83.844,-0.5897,9.3358
4.1506,83.8786,-0.5901,9.31
4.1526,83.9132,-0.5905,9.2841
4.1547,83.9479,-0.5909,9.2583
4.1567,83.9825,-0.5913,9.2323
4.1588,84.0171,-0.5917,9.2064
4.1608,84.0518,-0.5921,9.1804
4.1629,84.0864,-0.5925,9.1544
4.1649,84.121,-0.5929,9.1284
4.167,84.1556,-0.5933,9.1024
4.169,84.1903,-0.5937,9.0763
4.1711,84.2249,-0.5941,9.0502
4.1731,84.2595,-0.5945,9.0241
4.1752,84.2941,-0.5949,8.9979
4.1772,84.3287,-0.5953,8.9718
4.1793,84.3634,-0.5957,8.9456
4.1813,84.398,-0.5961,8.9193
4.1834,84.4326,-0.5965,8.8931
4.1854,84.4672,-0.5969,8.8668
4.1875,84.5018,-0.5973,8.8405
4.1895,84.5364,-0.5977,8.8141
4.1916,84.5711,-0.5981,8.7878
4.1936,84.6057,-0.5986,8.7614
4.1957,84.6403,-0.599,8.735
4.1977,84.6749,-0.5994,8.7085
4.1998,84.7095,-0.5998,8.6821
4.2018,84.7441,-0.6002,8.6556
4.2039,84.7787,-0.6006,8.6291
4.2059,84.8133,-0.601,8.6025
4.208,84.8479,-0.6014,8.5759
4.21,84.8825,-0.6018,8.5493
4.2121,84.9171,-0.6022,8.5227
4.2141,84.9517,-0.6026,8.4961
4.2162,84.9863,-0.603,8.4694
4.2182,85.0209,-0.6034,8.4427
4.2203,85.0555,-0.6038,8.416
4.2223,85.0901,-0.6042,8.3892
4.2244,85.1247,-0.6046,8.3624
4.2264,85.1593,-0.605,8.3356
4.2285,85.1939,-0.6054,8.3088
4.2305,85.2285,-0.6058,8.2819
4.2326,85.2631,-0.6062,8.255
4.2346,85.2976,-0.6066,8.2281
4.2367,85.3322,-0.607,8.2012
4.2387,85.3668,-0.6074,8.1742
4.2408,85.4014,-0.6078,8.1472
4.2428,85.436,-0.6082,8.1202
4.2449,85.4706,-0.6086,8.0931
4.2469,85.5052,-0.609,8.0661
4.249,85.5397,-0.6094,8.039
4.251,85.5743,-0.6099,8.0119
4.2531,85.6089,-0.6103,7.9847
4.2551,85.6435,-0.6107,7.9575
4.2572,85.678,-0.6111,7.9303
4.2592,85.7126,-0.6115,7.9031
4.2613,85.7472,-0.6119,7.8758
4.2633,85.7818,-0.6123,7.8486
4.2654,85.8163,-0.6127,7.8213
4.2674,85.8509,-0.6131,7.7939
4.2695,85.8855,-0.6135,7.7666
4.2715,85.9201,-0.6139,7.7392
4.2736,85.9546,-0.6143,7.7118
4.2756,85.9892,-0.6147,7.6843
4.2777,86.0238,-0.6151,7.6569
4.2797,86.0583,-0.6155,7.6294
4.2818,86.0929,-0.6159,7.6019
4.2838,86.1275,-0.6163,7.5743
4.2859,86.162,-0.6167,7.5468
4.2879,86.1966,-0.6171,7.5192
4.29,86.2311,-0.6175,7.4915
4.292,86.2657,-0.6179,7.4639
4.2941,86.3003,-0.6184,7.4362
4.2961,86.3348,-0.6188,7.4085
4.2982,86.3694,-0.6192,7.3808
4.3002,86.4039,-0.6196,7.3531
4.3023,86.4385,-0.62,7.3253
4.3043,86.473,-0.6204,7.2975
4.3064,86.5076,-0.6208,7.2697
4.3084,86.5421,-0.6212,7.2418
4.3105,86.5767,-0.6216,7.2139
4.3125,86.6112,-0.622,7.186
4.3146,86.6458,-0.6224,7.1581
4.3166,86.6803,-0.6228,7.1301
4.3187,86.7149,-0.6232,7.1022
4.3207,86.7494,-0.6236,7.0741
4.3228,86.784,-0.624,7.0461
4.3248,86.8185,-0.6244,7.0181
4.3269,86.8531,-0.6248,6.99
4.3289,86.8876,-0.6252,6.9619
4.331,86.9222,-0.6257,6.9337
4.333,86.9567,-0.6261,6.9056
4.3351,86.9912,-0.6265,6.8774
4.3371,87.0258,-0.6269,6.8491
4.3392,87.0603,-0.6273,6.8209
4.3412,87.0948,-0.6277,6.7926
4.3433,87.1294,-0.6281,6.7643
4.3453,87.1639,-0.6285,6.736
4.3474,87.1985,-0.6289,6.7077
4.3494,87.233,-0.6293,6.6793
4.3515,87.2675,-0.6297,6.6509
4.3535,87.3021,-0.6301,6.6225
4.3556,87.3366,-0.6305,6.594
4.3576,87.3711,-0.6309,6.5656
4.3597,87.4056,-0.6313,6.5371
4.3617,87.4402,-0.6317,6.5085
4.3638,87.4747,-0.6322,6.48
4.3658,87.5092,-0.6326,6.4514
4.3679,87.5438,-0.633,6.4228
4.3699,87.5783,-0.6334,6.3942
4.372,87.6128,-0.6338,6.3655
4.374,87.6473,-0.6342,6.3369
4.3761,87.6819,-0.6346,6.3082
4.3781,87.7164,-0.635,6.2794
4.3802,87.7509,-0.6354,6.2507
4.3822,87.7854,-0.6358,6.2219
4.3843,87.8199,-0.6362,6.1931
4.3863,87.8545,-0.6366,6.1642
4.3884,87.889,-0.637,6.1354
4.3904,87.9235,-0.6374,6.1065
4.3925,87.958,-0.6379,6.0776
4.3945,87.9925,-0.6383,6.0487
4.3966,88.027,-0.6387,6.0197
4.3986,88.0615,-0.6391,5.9907
4.4007,88.0961,-0.6395,5.9617
4.4027,88.1306,-0.6399,5.9327
4.4048,88.1651,-0.6403,5.9036
4.4068,88.1996,-0.6407,5.8745
4.4089,88.2341,-0.6411,5.8454
4.4109,88.2686,-0.6415,5.8162
4.413,88.3031,-0.6419,5.7871
4.415,88.3376,-0.6423,5.7579
4.4171,88.3721,-0.6427,5.7287
4.4191,88.4066,-0.6432,5.6994
4.4212,88.4412,-0.6436,5.6702
4.4232,88.4757,-0.644,5.6409
4.4253,88.5102,-0.6444,5.6115
4.4273,88.5447,-0.6448,5.5822
4.4294,88.5792,-0.6452,5.5528
4.4314,88.6137,-0.6456,5.5234
4.4335,88.6482,-0.646,5.494
4.4355,88.6827,-0.6464,5.4646
4.4376,88.7172,-0.6468,5.4351
4.4396,88.7517,-0.6472,5.4056
4.4417,88.7862,-0.6476,5.3761
4.4437,88.8207,-0.6481,5.3465
4.4458,88.8552,-0.6485,5.317
4.4478,88.8897,-0.6489,5.2874
4.4499,88.9241,-0.6493,5.2577
4.4519,88.9586,-0.6497,5.2281
4.454,88.9931,-0.6501,5.1984
4.456,89.0276,-0.6505,5.1687
4.4581,89.0621,-0.6509,5.139
4.4601,89.0966,-0.6513,5.1092
4.4622,89.1311,-0.6517,5.0794
4.4642,89.1656,-0.6521,5.0496
4.4663,89.2001,-0.6525,5.0198
4.4683,89.2346,-0.653,4.99
4.4704,89.2691,-0.6534,4.9601
4.4724,89.3036,-0.6538,4.9302
4.4745,89.338,-0.6542,4.9002
4.4765,89.3725,-0.6546,4.8703
4.4786,89.407,-0.655,4.8403
4.4806,89.4415,-0.6554,4.8103
4.4827,89.476,-0.6558,4.7803
4.4847,89.5105,-0.6562,4.7502
4.4868,89.5449,-0.6566,4.7201
4.4888,89.5794,-0.657,4.69
4.4909,89.6139,-0.6575,4.6599
4.4929,89.6484,-0.6579,4.6297
4.495,89.6829,-0.6583,4.5996
4.497,89.7174,-0.6587,4.5694
4.4991,89.7518,-0.6591,4.5391
4.5011,89.7863,-0.6595,4.5089
4.5032,89.8208,-0.6599,4.4786
4.5052,89.8553,-0.6603,4.4483
4.5073,89.8897,-0.6607,4.4179
4.5093,89.9242,-0.6611,4.3876
4.5114,89.9587,-0.6616,4.3572
4.5134,89.9932,-0.662,4.3268
4.5155,90.0276,-0.6624,4.2964
4.5175,90.0621,-0.6628,4.2659
4.5196,90.0966,-0.6632,4.2354
4.5216,90.1311,-0.6636,4.2049
4.5237,90.1655,-0.664,4.1744
4.5257,90.2,-0.6644,4.1438
4.5278,90.2345,-0.6648,4.1132
4.5298,90.2689,-0.6652,4.0826
4.5319,90.3034,-0.6657,4.052
4.5339,90.3379,-0.6661,4.0213
4.536,90.3724,-0.6665,3.9906
4.538,90.4068,-0.6669,3.9599
4.5401,90.4413,-0.6673,3.9292
4.5421,90.4758,-0.6677,3.8984
4.5442,90.5102,-0.6681,3.8676
4.5462,90.5447,-0.6685,3.8368
4.5483,90.5792,-0.6689,3.806
4.5503,90.6136,-0.6693,3.7751
4.5524,90.6481,-0.6698,3.7443
4.5544,90.6825,-0.6702,3.7133
4.5565,90.717,-0.6706,3.6824
4.5585,90.7515,-0.671,3.6515
4.5606,90.7859,-0.6714,3.6205
4.5626,90.8204,-0.6718,3.5895
4.5647,90.8549,-0.6722,3.5584
4.5667,90.8893,-0.6726,3.5274
4.5688,90.9238,-0.673,3.4963
4.5708,90.9582,-0.6735,3.4652
4.5729,90.9927,-0.6739,3.434
4.5749,91.0272,-0.6743,3.4029
4.577,91.0616,-0.6747,3.3717
4.579,91.0961,-0.6751,3.3405
4.5811,91.1305,-0.6755,3.3092
4.5831,91.165,-0.6759,3.278
4.5852,91.1994,-0.6763,3.2467
4.5872,91.2339,-0.6767,3.2154
4.5893,91.2684,-0.6771,3.1841
4.5913,91.3028,-0.6776,3.1527
4.5934,91.3373,-0.678,3.1213
4.5954,91.3717,-0.6784,3.0899
4.5975,91.4062,-0.6788,3.0585
4.5995,91.4406,-0.6792,3.027
4.6016,91.4751,-0.6796,2.9955
4.6036,91.5095,-0.68,2.964
4.6057,91.544,-0.6804,2.9325
4.6077,91.5784,-0.6809,2.9009
4.6098,91.6129,-0.6813,2.8693
4.6118,91.6473,-0.6817,2.8377
4.6139,91.6818,-0.6821,2.8061
4.6159,91.7162,-0.6825,2.7744
4.618,91.7507,-0.6829,2.7428
4.62,91.7851,-0.6833,2.7111
4.6221,91.8196,-0.6837,2.6793
4.6241,91.854,-0.6841,2.6476
4.6262,91.8885,-0.6846,2.6158
4.6282,91.9229,-0.685,2.584
4.6303,91.9574,-0.6854,2.5522
4.6323,91.9918,-0.6858,2.5203
4.6344,92.0262,-0.6862,2.4884
4.6364,92.0607,-0.6866,2.4565
4.6385,92.0951,-0.687,2.4246
4.6405,92.1296,-0.6874,2.3926
4.6426,92.164,-0.6878,2.3607
4.6446,92.1985,-0.6883,2.3287
4.6467,92.2329,-0.6887,2.2966
4.6487,92.2673,-0.6891,2.2646
4.6508,92.3018,-0.6895,2.2325
4.6528,92.3362,-0.6899,2.2004
4.6549,92.3707,-0.6903,2.1683
4.6569,92.4051,-0.6907,2.1361
4.659,92.4395,-0.6911,2.104
4.661,92.474,-0.6916,2.0718
4.6631,92.5084,-0.692,2.0395
4.6651,92.5429,-0.6924,2.0073
4.6672,92.5773,-0.6928,1.975
4.6692,92.6117,-0.6932,1.9427
4.6713,92.6462,-0.6936,1.9104
4.6733,92.6806,-0.694,1.878
4.6754,92.7151,-0.6944,1.8457
4.6774,92.7495,-0.6949,1.8133
4.6795,92.7839,-0.6953,1.7809
4.6815,92.8184,-0.6957,1.7484
4.6836,92.8528,-0.6961,1.7159
4.6856,92.8872,-0.6965,1.6834
4.6877,92.9217,-0.6969,1.6509
4.6897,92.9561,-0.6973,1.6184
4.6918,92.9905,-0.6977,1.5858
4.6938,93.025,-0.6982,1.5532
4.6959,93.0594,-0.6986,1.5206
4.6979,93.0938,-0.699,1.488
4.7,93.1283,-0.6994,1.4553
4.702,93.1627,-0.6998,1.4226
4.7041,93.1971,-0.7002,1.3899
4.7061,93.2316,-0.7006,1.3572
4.7082,93.266,-0.7011,1.3244
4.7102,93.3004,-0.7015,1.2916
4.7123,93.3349,-0.7019,1.2588
4.7143,93.3693,-0.7023,1.226
4.7164,93.4037,-0.7027,1.1931
4.7184,93.4382,-0.7031,1.1602
4.7205,93.4726,-0.7035,1.1273
4.7225,93.507,-0.7039,1.0944
4.7246,93.5414,-0.7044,1.0614
4.7266,93.5759,-0.7048,1.0284
4.7287,93.6103,-0.7052,0.9954
4.7307,93.6447,-0.7056,0.9624
4.7328,93.6792,-0.706,0.9294
4.7348,93.7136,-0.7064,0.8963
4.7369,93.748,-0.7068,0.8632
4.7389,93.7824,-0.7073,0.83
4.741,93.8169,-0.7077,0.7969
4.743,93.8513,-0.7081,0.7637
4.7451,93.8857,-0.7085,0.7305
4.7471,93.9201,-0.7089,0.6973
4.7492,93.9546,-0.7093,0.664
4.7512,93.989,-0.7097,0.6308
4.7533,94.0234,-0.7101,0.5975
4.7553,94.0578,-0.7106,0.5642
4.7574,94.0923,-0.711,0.5308
4.7594,94.1267,-0.7114,0.4974
4.7615,94.1611,-0.7118,0.464
4.7635,94.1955,-0.7122,0.4306
4.7656,94.23,-0.7126,0.3972
4.7676,94.2644,-0.713,0.3637
4.7697,94.2988,-0.7135,0.3302
4.7717,94.3332,-0.7139,0.2967
4.7738,94.3677,-0.7143,0.2632
4.7758,94.4021,-0.7147,0.2296
4.7779,94.4365,-0.7151,0.196
4.7799,94.4709,-0.7155,0.1624
4.782,94.5054,-0.7159,0.1288
4.784,94.5398,-0.7164,0.0951
4.7861,94.5742,-0.7168,0.0614
4.7881,94.6086,-0.7172,0.0277
